chain,draw,diff,pre_2023_mean,post_2023_mean
0,0,-0.0035638198453440476,0.05786479833663501,0.05430097849129096
0,1,-0.0025071379332700164,0.05744324056031549,0.05493610262704547
0,2,-0.0024243672927858756,0.0577356440738945,0.05531127678110862
0,3,-0.0003820823389397848,0.05780130464271532,0.05741922230377554
0,4,-0.007412749825827368,0.05919271798328651,0.05177996815745914
0,5,-0.0034411483515532915,0.05806154054095339,0.0546203921894001
0,6,-0.001703295230043915,0.05654382330327551,0.054840528073231594
0,7,-0.004401245582399786,0.05828900228966647,0.053887756707266685
0,8,-0.003115715587270869,0.055905845413727215,0.052790129826456346
0,9,-0.0017967737044591245,0.05794801832382201,0.05615124461936288
0,10,-0.0037869791231137026,0.057042525199911036,0.05325554607679733
0,11,-0.0000755936859507117,0.0581954164355285,0.05811982274957779
0,12,-0.00704992086158341,0.05763892436344134,0.05058900350185793
0,13,-0.001974416339587115,0.05661734753298594,0.054642931193398823
0,14,0.001089517968075271,0.057092335489689026,0.0581818534577643
0,15,-0.0034255355875216983,0.05689052543610814,0.05346498984858644
0,16,0.0008238859271096771,0.05702551002956923,0.05784939595667891
0,17,-0.0048030502986008555,0.05786245080993272,0.053059400511331865
0,18,-0.00021041237347341896,0.05672408684095824,0.05651367446748482
0,19,-0.0011401971268574645,0.05866304341588313,0.05752284628902567
0,20,-0.0028234245314323336,0.05609106538473455,0.05326764085330222
0,21,-0.004348289928169706,0.05947768982349483,0.05512939989532512
0,22,-0.0018229867331095231,0.05826607883511074,0.05644309210200122
0,23,-0.000041516395223276104,0.05710154813451086,0.05706003173928759
0,24,-0.003324627706220898,0.057219484013321345,0.05389485630710045
0,25,-0.001079151374893693,0.056457983296677554,0.05537883192178386
0,26,-0.003945525592699409,0.05930664726725812,0.055361121674558714
0,27,-0.0016252590717220905,0.05796140563684425,0.05633614656512216
0,28,-0.006090157902352233,0.05880654276135542,0.052716384859003186
0,29,-0.002639069115200836,0.05774385279507379,0.055104783679872954
0,30,-0.006156843766320613,0.05846364049205139,0.05230679672573078
0,31,-0.005222419314945229,0.058543473536258876,0.05332105422131365
0,32,-0.0026505837139488148,0.05734051832744239,0.05468993461349358
0,33,-0.0008849580203714319,0.05680739180878474,0.05592243378841331
0,34,-0.0020608300864709134,0.056737075779043675,0.05467624569257276
0,35,-0.0054530712276339155,0.059216279210701606,0.05376320798306769
0,36,-0.0034210988489159627,0.05745611660560751,0.05403501775669155
0,37,-0.002123369065570424,0.05952962882020483,0.057406259754634405
0,38,-0.0014214549301818924,0.05808035983050153,0.056658904900319634
0,39,-0.0007211824910598671,0.057255253187359294,0.05653407069629943
0,40,0.0005760640626993122,0.05547077211557205,0.056046836178271366
0,41,-0.0028534035438742694,0.058315166681828505,0.055461763137954236
0,42,-0.004281555377120626,0.057689526802691994,0.05340797142557137
0,43,-0.0037751046984711017,0.05852161652019471,0.05474651182172361
0,44,-0.005030105934848268,0.05815731444886855,0.05312720851402028
0,45,-0.000936660129001371,0.05626727924739107,0.0553306191183897
0,46,-0.006042111882880022,0.0570609160200061,0.051018804137126075
0,47,-0.0024343523966026265,0.057361379877599136,0.05492702748099651
0,48,-0.005348407104202639,0.05791931680809397,0.05257090970389133
0,49,-0.0042397671189346245,0.057697442509003084,0.05345767539006846
0,50,-0.0032407096765005375,0.058885643985432015,0.05564493430893148
0,51,-0.003959166538825679,0.05787801991758819,0.05391885337876251
0,52,-0.0029619173064081364,0.05743277641700383,0.054470859110595696
0,53,-0.004673628665161411,0.05907970248359458,0.05440607381843317
0,54,-0.001322128997718157,0.05696160396158531,0.055639474963867154
0,55,-0.002521944223995258,0.0571085978586671,0.05458665363467184
0,56,-0.005601234266412201,0.060051954023164184,0.05445071975675198
0,57,-0.003972357238633366,0.05940923489433751,0.055436877655704146
0,58,-0.0023502172104854363,0.057709198888654376,0.05535898167816894
0,59,-0.0013169716643158594,0.057251098396062086,0.05593412673174623
0,60,0.0011856979845698765,0.056441589159899254,0.05762728714446913
0,61,-0.002559057617995228,0.05660876972196947,0.05404971210397424
0,62,-0.006223498807455728,0.05892710123246353,0.0527036024250078
0,63,-0.003984701289722108,0.06101384913084373,0.05702914784112162
0,64,-0.001894319765814119,0.05660003658129193,0.05470571681547781
0,65,-0.004655508642061192,0.059224385146987676,0.054568876504926485
0,66,-0.0038320824771440956,0.0569636735378022,0.0531315910606581
0,67,-0.005131696848636,0.057948325009790275,0.052816628161154275
0,68,-0.004371821280007203,0.05754249086771905,0.05317066958771185
0,69,-0.0014495464378951328,0.05539999677978696,0.053950450341891824
0,70,-0.001489474006554442,0.05578318262561901,0.054293708619064567
0,71,-0.0033570263246130577,0.05940560686075125,0.05604858053613819
0,72,-0.0031714484395443457,0.05637342820666792,0.053201979767123576
0,73,-0.003028017993538336,0.05777451530606645,0.05474649731252811
0,74,-0.0031935720971939044,0.057834625093318257,0.05464105299612435
0,75,-0.003945221941589527,0.05722416616758217,0.05327894422599264
0,76,-0.002417806740911063,0.058289879411339444,0.05587207267042838
0,77,-0.007168874797206064,0.0598118840191362,0.05264300922193014
0,78,-0.0013642867201205944,0.0573059552000086,0.055941668479888004
0,79,-0.0074565090259398475,0.059089173236327605,0.05163266421038776
0,80,-0.0021234161994640108,0.0566927674908295,0.05456935129136549
0,81,-0.0018077984004999034,0.05734000253360639,0.055532204133106486
0,82,-0.0048745178806468975,0.057178418871008545,0.05230390099036165
0,83,-0.003609201794947385,0.058819201068302976,0.05520999927335559
0,84,0.001380380539500549,0.05640811880528231,0.05778849934478286
0,85,-0.002239828882348735,0.05520920681882825,0.05296937793647952
0,86,-0.00455355838084235,0.05657138123565821,0.05201782285481586
0,87,-0.00505355270862292,0.061476923323462385,0.056423370614839465
0,88,-0.0028652110613567525,0.057287694410672226,0.05442248334931547
0,89,-0.0036415499209631746,0.05686038334384362,0.053218833422880446
0,90,-0.004215985984545076,0.058910609626248035,0.05469462364170296
0,91,-0.0031544547652880423,0.0582222701455973,0.055067815380309255
0,92,-0.003241011952596462,0.05746748742243904,0.05422647546984258
0,93,-0.00155921344786987,0.05747815740066936,0.05591894395279949
0,94,-0.004063789919491315,0.05788114231423533,0.053817352394744014
0,95,-0.0025848034014145996,0.05788249015288804,0.05529768675147344
0,96,-0.004851297615982207,0.057934414567058744,0.05308311695107654
0,97,-0.0064479746853853825,0.05968963434648845,0.053241659661103065
0,98,-0.0015549040569072525,0.057414055032611336,0.05585915097570408
0,99,-0.002679132214585364,0.05851079510017505,0.05583166288558969
0,100,-0.0029191423096838406,0.058291455909889926,0.055372313600206086
0,101,-0.003629296795879901,0.057826452461709754,0.05419715566582985
0,102,-0.0034478154263650404,0.057522236513443896,0.054074421087078856
0,103,-0.002126335432912227,0.056826802672571605,0.05470046723965938
0,104,-0.004687704658030402,0.059087250638846706,0.054399545980816304
0,105,-0.004280746252777044,0.05888704248358896,0.05460629623081192
0,106,-0.00449514262773941,0.06028476378685687,0.05578962115911746
0,107,-0.0038769100898159783,0.056626519503831074,0.052749609414015096
0,108,-0.004316697951172156,0.05918668623299377,0.054869988281821616
0,109,-0.00686089340197036,0.059373057853551486,0.05251216445158113
0,110,-0.0013529865828172255,0.058234493037137194,0.05688150645431997
0,111,-0.0030561870697118076,0.05624441626383042,0.053188229194118614
0,112,4.464480348929933e-6,0.05563921152260173,0.05564367600295066
0,113,-0.003212660228388488,0.05772046055184896,0.05450780032346047
0,114,-0.0017200913231613449,0.055023309167796894,0.05330321784463555
0,115,-0.0017200913231613449,0.055023309167796894,0.05330321784463555
0,116,-0.0035485662750145766,0.05735457685229089,0.05380601057727631
0,117,-1.2029241457101048e-7,0.057621701718866804,0.05762158142645223
0,118,-0.003856635603381342,0.05974954096298065,0.05589290535959931
0,119,-0.002030351669324054,0.05841476345267691,0.05638441178335286
0,120,-0.0071841612115841405,0.05884315991803291,0.05165899870644877
0,121,-0.0049480118256406,0.059872120815187856,0.054924108989547256
0,122,-0.005090467227533459,0.058540767548627984,0.053450300321094525
0,123,-0.004218358028477483,0.059608871974910625,0.05539051394643314
0,124,-0.00580605171244903,0.059442557994604295,0.053636506282155265
0,125,-0.005464645648894789,0.05869933421215095,0.05323468856325616
0,126,-0.0006199749012216482,0.056000677443237334,0.055380702542015686
0,127,-0.004774959089369479,0.05575652832781256,0.05098156923844308
0,128,-0.001747519978747246,0.0575360118999789,0.055788491921231656
0,129,-0.0013490934869733809,0.056648921217294,0.05529982773032062
0,130,-0.0025411432216023225,0.05788341810950937,0.05534227488790705
0,131,-0.0061175697214495076,0.059166412989682775,0.05304884326823327
0,132,-0.0026395295005951364,0.05696710322685377,0.054327573726258634
0,133,-0.005950174543353032,0.05971721028909153,0.053767035745738496
0,134,-0.004275444422204434,0.057626970197753244,0.05335152577554881
0,135,-0.0042192589671765784,0.05755154603684675,0.05333228706967017
0,136,-0.0021990022466278902,0.05757263946140866,0.05537363721478077
0,137,-0.005219819612149103,0.05853955701477468,0.05331973740262558
0,138,-0.0022298974080556394,0.05729029242208603,0.05506039501403039
0,139,-0.0034669163131588535,0.057699752290108645,0.05423283597694979
0,140,-0.003572127518129173,0.05936360398612894,0.05579147646799977
0,141,-0.007764907517011678,0.059317069002933646,0.05155216148592197
0,142,-0.0062422264196439065,0.05827569508944584,0.052033468669801936
0,143,-0.0011480788732892641,0.05736333940324832,0.05621526052995906
0,144,-0.005342984134607223,0.059291216080002096,0.05394823194539487
0,145,-0.005085570352422415,0.05781387387606345,0.05272830352364104
0,146,-0.0036053097826130795,0.057065499636109726,0.05346018985349665
0,147,-0.0005809233228407581,0.05720938717465138,0.05662846385181062
0,148,-0.004831297278266741,0.05859186422978735,0.05376056695152061
0,149,-0.005226647506677402,0.05834780771377651,0.05312116020709911
0,150,-0.0031403184004919274,0.058719359262468254,0.05557904086197633
0,151,-0.00581970589961122,0.05966948900120967,0.05384978310159845
0,152,-0.002555099259523609,0.05831668278503697,0.05576158352551336
0,153,-0.006514033342471297,0.05868360222117158,0.052169568878700286
0,154,-0.0045957303062395885,0.05844426786713366,0.05384853756089407
0,155,-0.006254025623221249,0.059112318812391956,0.05285829318917071
0,156,-0.0031660031961495624,0.05864383428071012,0.05547783108456056
0,157,-0.0012615566835402839,0.05662356186719948,0.0553620051836592
0,158,-0.0038699891941408396,0.05716369648816885,0.05329370729402801
0,159,-0.005732956990424087,0.05927195883421021,0.05353900184378612
0,160,-0.0040175236288217606,0.057827999815664825,0.053810476186843065
0,161,-0.004559648092398914,0.05893542322913997,0.05437577513674106
0,162,-0.004625743557926887,0.05769165516232631,0.05306591160439942
0,163,-0.0027155569631059223,0.05834237545111547,0.05562681848800955
0,164,-0.005312095888940063,0.05820343171574524,0.05289133582680518
0,165,-0.004324477571563033,0.057603117779978646,0.05327864020841561
0,166,-0.0041058529083652165,0.058112233115316186,0.05400638020695097
0,167,-0.004889683735670038,0.058097315289354114,0.053207631553684076
0,168,-0.000882418554505611,0.05719404447505309,0.056311625920547476
0,169,-0.002762565839014859,0.05717977951103721,0.05441721367202235
0,170,-0.002317960330772195,0.0576741843236012,0.055356223992829
0,171,-0.0020747206614461153,0.05808230092972166,0.05600758026827554
0,172,-0.001857303729409003,0.05754801910775374,0.05569071537834474
0,173,-0.004016527866060764,0.05706924822112415,0.053052720355063386
0,174,-0.0005896528762366557,0.05669057963451224,0.056100926758275584
0,175,-0.004534845185469892,0.05850917129524067,0.05397432610977078
0,176,-0.003720383991363589,0.05760871404694379,0.0538883300555802
0,177,-0.00454108939739796,0.05743900987412316,0.0528979204767252
0,178,-0.0034465661909364453,0.0578679127151424,0.05442134652420595
0,179,-0.002389202003787838,0.057147801124824045,0.05475859912103621
0,180,-0.004595613529863825,0.059370405015274935,0.05477479148541111
0,181,-0.0013521687712452213,0.05735803477297493,0.05600586600172971
0,182,-0.0010215952055498273,0.056068934980332365,0.05504733977478254
0,183,-0.005705590202803541,0.05725064511241453,0.05154505490961099
0,184,-0.0065422440190322645,0.0592352679428648,0.05269302392383254
0,185,-0.0009836968472235058,0.0572065348318089,0.0562228379845854
0,186,-0.005446900882671024,0.05972566097594775,0.05427876009327673
0,187,-0.005580634651046336,0.05892079283599866,0.05334015818495232
0,188,-0.006288649850065289,0.05816443047976194,0.05187578062969665
0,189,0.0006376390618165334,0.05664760220576687,0.0572852412675834
0,190,-0.0011676382491052628,0.0574012160928097,0.05623357784370444
0,191,-0.0038969855884278468,0.05720508146815924,0.05330809587973139
0,192,-0.0020303286916043967,0.05805713028670974,0.05602680159510534
0,193,-0.0022220260969611216,0.05580990100959567,0.053587874912634545
0,194,-0.004669988545730204,0.0594834899992275,0.054813501453497296
0,195,-0.0028305640864070766,0.0570781740161451,0.054247609929738025
0,196,-0.0033747417644098762,0.05918522394070865,0.055810482176298776
0,197,-0.005594169068609434,0.05733091614475685,0.051736747076147414
0,198,-0.003992890315203411,0.05691229646907261,0.0529194061538692
0,199,-0.002994020435096431,0.05787371658865376,0.05487969615355733
0,200,-0.0031745565589117314,0.05726981136351626,0.05409525480460453
0,201,-0.0026115868757722663,0.05792393741021538,0.05531235053444311
0,202,-0.0027251443020782154,0.057735027933751015,0.0550098836316728
0,203,-0.005266527456374591,0.05832127240215885,0.05305474494578426
0,204,-0.00402018736481323,0.05835300844067321,0.05433282107585998
0,205,-0.005982515018812175,0.058816236926756846,0.05283372190794467
0,206,-0.005318806050281288,0.05787184303415615,0.05255303698387486
0,207,-0.004618029817503179,0.057130699580838495,0.052512669763335316
0,208,-0.006634318349190038,0.05856731298773007,0.05193299463854003
0,209,-0.004605152761440599,0.058841944053854234,0.054236791292413634
0,210,-0.0028726779131529392,0.056316173025130846,0.05344349511197791
0,211,-0.004312314834522518,0.05815311014763445,0.05384079531311193
0,212,-0.0036675366016482094,0.05774562195694344,0.05407808535529523
0,213,-0.005656339912290247,0.058508453297024275,0.05285211338473403
0,214,-0.0019122610809730461,0.0567042637380412,0.054792002657068156
0,215,-0.0023508404590483825,0.05480494174461591,0.05245410128556753
0,216,-0.004778727821696506,0.05906043686647656,0.05428170904478005
0,217,-0.005225010623243265,0.05941596407011538,0.054190953446872116
0,218,-0.00514277628865141,0.05832176476246708,0.05317898847381567
0,219,-0.001354024978367313,0.05767384615056026,0.056319821172192946
0,220,-0.0013003916034782098,0.057482664786202196,0.05618227318272399
0,221,-0.0035457550885798217,0.05728915245005707,0.05374339736147725
0,222,-0.00366406451690348,0.05885089684615605,0.05518683232925257
0,223,-0.003972597003731093,0.058338744639283166,0.05436614763555207
0,224,-0.002259265109044839,0.05840719253333161,0.05614792742428677
0,225,-0.004433824418865598,0.058420689210917844,0.053986864792052246
0,226,-0.0027293209275244673,0.057346695645705555,0.05461737471818109
0,227,-0.005167107838382083,0.057299409774604265,0.05213230193622218
0,228,-0.004723635395705694,0.06019815494907405,0.05547451955336836
0,229,-0.0038491712504343037,0.05841589376507894,0.05456672251464464
0,230,-0.0033593232173187437,0.05574648164389094,0.0523871584265722
0,231,-0.0023469820389445326,0.058830850817410185,0.05648386877846565
0,232,-0.0029592948361135823,0.058114454627875144,0.05515515979176156
0,233,-0.0034805584453368107,0.05749275131837021,0.054012192873033396
0,234,-0.0037957933738609756,0.05764847186760074,0.053852678493739765
0,235,-0.004091161419227413,0.057753616027824806,0.05366245460859739
0,236,-0.004950437948089255,0.058840939210086055,0.0538905012619968
0,237,-0.00148994862727405,0.05748519819909651,0.05599524957182246
0,238,-0.004714400602371792,0.058594683632737184,0.05388028303036539
0,239,-0.0022257437428926663,0.05618343129678665,0.05395768755389398
0,240,-0.004295812645124332,0.06018516219003058,0.05588934954490625
0,241,-0.0011371463918244673,0.05688172269108305,0.05574457629925858
0,242,-0.0049591654958461365,0.058171417073636766,0.05321225157779063
0,243,-0.004701229302330835,0.0590290131363717,0.05432778383404086
0,244,-0.0019609951045562873,0.056803656210269844,0.05484266110571356
0,245,-0.0033123593402140036,0.05745947377608715,0.054147114435873146
0,246,-0.004337520125001888,0.05793874834163828,0.05360122821663639
0,247,-0.00148240316533782,0.05709920767191158,0.05561680450657376
0,248,-0.004101288718550387,0.059116387993929966,0.05501509927537958
0,249,-0.0029784294159100957,0.058828807841711156,0.05585037842580106
0,250,-0.002551923811772175,0.05741704268992446,0.054865118878152284
0,251,-0.0017189351106617345,0.05645568758391887,0.054736752473257134
0,252,-0.0017239921225131322,0.05783578763083582,0.05611179550832269
0,253,-0.0056687308880459045,0.05822499200802013,0.052556261119974225
0,254,-0.005804534534597082,0.05944327105504515,0.053638736520448066
0,255,0.00021163993356120708,0.05645868409255191,0.05667032402611312
0,256,-0.0046359404841779875,0.057861750587568934,0.05322581010339095
0,257,-0.0037272550450422742,0.05879613997031456,0.05506888492527229
0,258,-0.0015799631851373327,0.05647028421117715,0.054890321026039815
0,259,-0.0022140818051055305,0.05726631513409104,0.05505223332898551
0,260,-0.00044259089388458406,0.05679088925861117,0.05634829836472659
0,261,-0.0037431853620441685,0.05689512037545584,0.05315193501341167
0,262,-0.0026465635338468463,0.058423991217857,0.05577742768401015
0,263,-0.0033922326099404126,0.05750692959105609,0.05411469698111568
0,264,-0.0013573833052494058,0.058516873008589286,0.05715948970333988
0,265,-0.0013573833052494058,0.058516873008589286,0.05715948970333988
0,266,-0.0013573833052494058,0.058516873008589286,0.05715948970333988
0,267,-0.0013573833052494058,0.058516873008589286,0.05715948970333988
0,268,-0.0013573833052494058,0.058516873008589286,0.05715948970333988
0,269,-0.003678812167492239,0.05783571639486668,0.054156904227374444
0,270,-0.0010860367862875406,0.056403392248403815,0.055317355462116274
0,271,-0.003725632061238153,0.059175874801971666,0.05545024274073351
0,272,-0.006616625432053727,0.0586660859224434,0.05204946049038967
0,273,-0.00294240908442861,0.05750844486380318,0.05456603577937457
0,274,-0.0018277621448183484,0.058051086651877574,0.056223324507059226
0,275,-0.0023044524834477734,0.05929519015900936,0.056990737675561585
0,276,-0.0031879314472086293,0.05813278419349585,0.05494485274628722
0,277,-0.0014601340468663182,0.057007410472515625,0.05554727642564931
0,278,-0.0025723428954330385,0.05745950870601342,0.05488716581058038
0,279,-0.0020856478892768635,0.05738039536858511,0.055294747479308244
0,280,-0.0017342156916032789,0.05804921527684969,0.05631499958524641
0,281,-0.0046751594610923985,0.05783521411727925,0.05316005465618685
0,282,-0.003931010569106032,0.05869379085544621,0.05476278028634018
0,283,-0.0034689421211318364,0.05731539145639464,0.0538464493352628
0,284,-0.003913280503400077,0.05786263062110985,0.05394935011770977
0,285,-0.003675907084351733,0.057605631449050225,0.05392972436469849
0,286,-0.004261740811649831,0.057233012916337644,0.052971272104687814
0,287,-0.004837043870482685,0.05968489773205547,0.05484785386157279
0,288,-0.0028713113280326857,0.05814384692794773,0.055272535599915046
0,289,-0.0048224739749244405,0.06022555146233839,0.05540307748741395
0,290,-0.0062306044100795405,0.059660359540021274,0.05342975512994173
0,291,-0.005400752257519979,0.05793407714985675,0.05253332489233677
0,292,-0.004752203292466971,0.059516084467183074,0.0547638811747161
0,293,-0.00721448736476181,0.060365610204818815,0.053151122840057005
0,294,-0.005201074888397508,0.05868169698028079,0.053480622091883284
0,295,-0.0057792692608279045,0.059354743472858025,0.05357547421203012
0,296,-0.0019901063922194845,0.05739106198804839,0.05540095559582891
0,297,-0.005150577904303864,0.05822936137256331,0.05307878346825944
0,298,-0.0026467227772946286,0.057447948770073747,0.05480122599277912
0,299,-0.004320154925694097,0.057732796371984266,0.05341264144629017
0,300,-0.0022815655557927236,0.05898158849281137,0.056700022937018646
0,301,-0.004552180772829255,0.059439196046943095,0.05488701527411384
0,302,-0.000182094094594569,0.05873652880916382,0.05855443471456925
0,303,-0.005341840928454071,0.05763693786917548,0.05229509694072141
0,304,-0.004540945743273017,0.05752862693754948,0.052987681194276465
0,305,-0.006001369946486548,0.05951580894777511,0.05351443900128856
0,306,-0.0013837614159697698,0.05663917297708593,0.05525541156111616
0,307,-0.0034193460596900066,0.05620993256238422,0.05279058650269421
0,308,-0.0036821504212439723,0.05699961987586531,0.05331746945462134
0,309,-0.0011787500064679296,0.05748296548120701,0.05630421547473908
0,310,-0.00027577568934591956,0.058058418802734754,0.057782643113388835
0,311,-0.004800139657071774,0.05819317149040987,0.053393031833338093
0,312,-0.004498766663806379,0.0580641877510798,0.05356542108727342
0,313,-0.0037068687592058946,0.05858756468750147,0.05488069592829557
0,314,-0.004106354900804299,0.05870425503604953,0.05459790013524523
0,315,-0.004410098172690578,0.058890781493110944,0.054480683320420366
0,316,-0.0020163071513543407,0.058517621988627214,0.05650131483727287
0,317,-0.005363456418452012,0.059524994651144685,0.05416153823269267
0,318,-0.0028429558925472456,0.05832362804856196,0.05548067215601472
0,319,-0.00030002852810263186,0.05683892707822628,0.056538898550123645
0,320,-0.00465223546470326,0.05898552151776393,0.05433328605306067
0,321,-0.0019807772890159253,0.05789968165535106,0.055918904366335134
0,322,-0.0028708312103581587,0.05821909086604804,0.05534825965568988
0,323,-0.00521708830914875,0.05707689921602468,0.05185981090687593
0,324,-0.003925983313529509,0.057326002284140726,0.05340001897061122
0,325,-0.006615146619504325,0.05817491523453543,0.05155976861503111
0,326,-0.0008650780165261954,0.05646899418909959,0.055603916172573396
0,327,-0.0005786330000243783,0.056074680550265196,0.05549604755024082
0,328,-0.004503340506516081,0.05849448434605755,0.05399114383954147
0,329,-0.0009738917839353101,0.05699912789081987,0.05602523610688456
0,330,-0.0040388998106623,0.05836514497892486,0.05432624516826256
0,331,-0.0034192492318544515,0.05829196626502934,0.05487271703317489
0,332,-0.0039210702099168465,0.05648995808199899,0.052568887872082144
0,333,-0.00432276085061175,0.05805938761955764,0.05373662676894589
0,334,-0.0051177013248463535,0.05754627056282882,0.05242856923798247
0,335,-0.0031011102913702654,0.05714663070647667,0.05404552041510641
0,336,-0.0031011102913702654,0.05714663070647667,0.05404552041510641
0,337,-0.004474931320491558,0.057306025246318594,0.052831093925827036
0,338,-0.0007848918983026296,0.0566949497920903,0.05591005789378767
0,339,-0.003644746284132805,0.05773814696544839,0.05409340068131559
0,340,-0.0029700370804015552,0.05887077952513921,0.05590074244473765
0,341,-0.0050373593651569445,0.0583823546412375,0.053344995276080553
0,342,-0.0011843482381231063,0.05641997231080041,0.055235624072677306
0,343,-0.003941610970184625,0.056993623377645346,0.05305201240746072
0,344,-0.004583882048516688,0.05746876415076762,0.05288488210225093
0,345,-0.002629157572615219,0.057944606272967235,0.055315448700352016
0,346,-0.0033001013281487024,0.05782585522076679,0.05452575389261809
0,347,-0.0016236481935155006,0.05667375757617682,0.05505010938266132
0,348,-0.004547297569345472,0.059849517118037994,0.05530221954869252
0,349,-0.004631729005441315,0.057721455554534125,0.05308972654909281
0,350,-0.00182161907107746,0.05699341561901216,0.0551717965479347
0,351,-0.004977867954898331,0.05874264519522837,0.05376477724033004
0,352,-0.003922473650809964,0.05906867536103387,0.055146201710223906
0,353,-0.00045798507335696736,0.05673821035493286,0.05628022528157589
0,354,-0.0028565991357913587,0.05857923546785727,0.05572263633206591
0,355,-0.003060450911056875,0.05783675354556687,0.05477630263450999
0,356,-0.002257386733142311,0.057498653696378105,0.055241266963235794
0,357,-0.005419298174599546,0.0581954202847031,0.05277612211010355
0,358,-0.0013556696770310878,0.057666180269155105,0.05631051059212402
0,359,-0.005022268661434633,0.058053618544517675,0.05303134988308304
0,360,-0.003064341830346741,0.057978227577616226,0.054913885747269485
0,361,-0.005720331101541402,0.06085927848133319,0.05513894737979179
0,362,-0.001883402432020155,0.05652754890746489,0.05464414647544474
0,363,-0.0049834092424588874,0.0597947337463219,0.054811324503863015
0,364,-0.0037205698297640144,0.05766676889512741,0.053946199065363395
0,365,-0.0029330949211821625,0.057754248208507185,0.05482115328732502
0,366,-0.0038565690262454197,0.059076059486990275,0.055219490460744855
0,367,-0.002485502901804215,0.05753093865262555,0.05504543575082133
0,368,-0.0027592888933876125,0.05713592103578563,0.05437663214239802
0,369,-0.0045279398086701325,0.0590325769989053,0.05450463719023517
0,370,-0.0011154053951044005,0.05692882842654762,0.05581342303144322
0,371,-0.0008964666436607205,0.05712442283042683,0.05622795618676611
0,372,-0.006467618423932224,0.058895742386836876,0.05242812396290465
0,373,-0.00509572175614869,0.05800436665704992,0.05290864490090123
0,374,-0.004435677924063686,0.05871306492704675,0.05427738700298306
0,375,-0.0021441070469076784,0.0570172343948742,0.054873127347966524
0,376,-0.0033852807611732677,0.0563429479316341,0.05295766717046083
0,377,-0.0036026473124867175,0.05700174150003588,0.053399094187549165
0,378,-0.002607921713557837,0.05655870738474594,0.053950785671188106
0,379,-0.0023224120362019887,0.05784970866442753,0.05552729662822554
0,380,-0.004712888023638492,0.05969611146825899,0.0549832234446205
0,381,-0.005718700553566734,0.058655171105149374,0.05293647055158264
0,382,-0.004226609728038129,0.05733207787223744,0.05310546814419931
0,383,-0.004905408442854413,0.05784484566527049,0.05293943722241608
0,384,-0.005346300866383519,0.057246883726729536,0.05190058286034602
0,385,-0.005791970092712033,0.05867879431416847,0.052886824221456435
0,386,-0.0006682989955336602,0.057906838457243814,0.057238539461710154
0,387,-0.003169782889961413,0.05808881601438053,0.05491903312441912
0,388,-0.0060384076509025705,0.05920780363445885,0.05316939598355628
0,389,-0.004840968693246378,0.0599820089000988,0.05514104020685242
0,390,-0.005283152773896738,0.05863537514370787,0.05335222236981113
0,391,-0.0023569747512455566,0.057629323748074154,0.0552723489968286
0,392,-0.0011333782563859793,0.057854317615995604,0.056720939359609625
0,393,-0.0059808392464743565,0.057435313997902776,0.05145447475142842
0,394,-0.00027653941128150117,0.05644895036695703,0.05617241095567553
0,395,-0.0031546894535606496,0.058455943863553635,0.055301254409992985
0,396,-0.002543956278373803,0.057766172292955525,0.05522221601458172
0,397,-0.003320677939754206,0.058670854146184434,0.05535017620643023
0,398,-0.002293463124798674,0.05669840767568262,0.054404944550883946
0,399,-0.004562668227570586,0.05890578431090981,0.05434311608333922
0,400,-0.0038891098031798507,0.057493090843059313,0.05360398103987946
0,401,-0.003852610959319838,0.05820805996234544,0.0543554490030256
0,402,-0.002336998183200767,0.05652051246717457,0.054183514283973805
0,403,-0.0032458938415302896,0.058165337908956435,0.054919444067426146
0,404,-0.0038957724435083538,0.058018028487763364,0.05412225604425501
0,405,-0.004191632996097025,0.058199390648302846,0.05400775765220582
0,406,-0.0038322344595255117,0.056760361051863883,0.05292812659233837
0,407,-0.0021223124905310198,0.05858366213962776,0.05646134964909674
0,408,-0.0015419574794239763,0.056262755637023994,0.05472079815760002
0,409,-0.005533132342731381,0.05917126767393735,0.05363813533120597
0,410,-0.001863236811342893,0.05635249999627825,0.054489263184935355
0,411,-0.004811206980068629,0.059245688279659404,0.054434481299590776
0,412,-0.002943186593132925,0.059503880917994814,0.05656069432486189
0,413,-0.0037694915144096605,0.05740034455474439,0.05363085304033473
0,414,-0.0017534880180827342,0.058029326051478064,0.05627583803339533
0,415,-0.005637295565834428,0.05776742978959624,0.05213013422376181
0,416,0.0006572075404504135,0.05505912574168953,0.05571633328213994
0,417,-0.002363910218689473,0.05850641979754958,0.056142509578860106
0,418,-0.0017772277913573123,0.05788722563182799,0.05610999784047068
0,419,-0.005327051823946452,0.058563417528603265,0.05323636570465681
0,420,-0.004696696827972434,0.05797271782759057,0.05327602099961814
0,421,-0.0012258921580761556,0.05764020531263916,0.056414313154563
0,422,-0.004485871552260108,0.05799252585484396,0.053506654302583855
0,423,-0.0017732758946303398,0.0567839229622932,0.05501064706766286
0,424,-0.0012889929087074384,0.058516227776059596,0.05722723486735216
0,425,-0.0023362276588293346,0.05736518673968834,0.055028959080859
0,426,-0.001257126067116636,0.05631224285471481,0.055055116787598175
0,427,-0.0034399050703737763,0.05761633686950445,0.054176431799130675
0,428,-0.0016251584505744404,0.05800529788359183,0.05638013943301739
0,429,-0.0037795050833177093,0.05889513145070149,0.055115626367383784
0,430,-0.0013910820699281068,0.05603844490815023,0.05464736283822212
0,431,-0.007377019562973201,0.05870470274485817,0.05132768318188497
0,432,-0.0008533380925540499,0.05691601785350021,0.05606267976094616
0,433,-0.005664602163177573,0.05871718697427853,0.05305258481110096
0,434,-0.0017291631437527724,0.05687977243810105,0.05515060929434828
0,435,-0.0020764652742524398,0.05721310652837282,0.05513664125412038
0,436,0.0014684114894627648,0.05524715495892319,0.056715566448385955
0,437,-0.0014531957866163528,0.055443853512194864,0.05399065772557851
0,438,-0.0037101282459622506,0.0604426719693966,0.05673254372343435
0,439,-0.005211254409663094,0.05722340294114402,0.05201214853148093
0,440,-0.004645802658503985,0.05730333850481013,0.05265753584630615
0,441,-0.0041587182782610935,0.0577436423437819,0.0535849240655208
0,442,-0.004615355939053316,0.05789017474875953,0.05327481880970621
0,443,-0.004656655266602916,0.05839785159606744,0.05374119632946452
0,444,-0.0039630246271425,0.05849894429990391,0.05453591967276141
0,445,-0.0035022951825945323,0.05757144923383889,0.05406915405124436
0,446,-0.005768761152738354,0.05831548235806755,0.052546721205329196
0,447,-0.007574162874101335,0.058748772770196474,0.05117460989609514
0,448,-0.0036279688757538606,0.05811111614817481,0.05448314727242095
0,449,-0.0031709838157023135,0.05757239348966379,0.054401409673961475
0,450,-0.003809895807770511,0.057173668989630624,0.053363773181860114
0,451,-0.004535747567653722,0.05756040108133051,0.05302465351367679
0,452,-0.0070027636958327685,0.06048118333339096,0.05347841963755819
0,453,-0.005515697907732008,0.05834739580620656,0.052831697898474556
0,454,0.00027380748712325237,0.05602608714393147,0.056299894631054725
0,455,-0.0056486192416692615,0.05862759246644537,0.052978973224776106
0,456,-0.0018747727888960633,0.05692534603883159,0.05505057324993553
0,457,-0.005042125018964366,0.05962642800704407,0.0545843029880797
0,458,-0.002911634174398589,0.056776403918503825,0.053864769744105236
0,459,-0.003128609763014656,0.05816785696649982,0.055039247203485166
0,460,-0.00608132181060466,0.059716416676824625,0.053635094866219965
0,461,-0.003865869817418259,0.05840430376742915,0.054538433950010894
0,462,-0.002362805117592348,0.056042814610990754,0.053680009493398406
0,463,-0.004906750100370193,0.057873708045425666,0.05296695794505547
0,464,-0.004703702968625198,0.05627343285011075,0.05156972988148555
0,465,-0.004380256662291956,0.059912072378118804,0.05553181571582685
0,466,-0.0014919120102422564,0.05552717014472022,0.054035258134477966
0,467,-0.004465397038046805,0.05831827111927575,0.05385287408122894
0,468,-0.004018761707268795,0.057578851457855525,0.05356008975058673
0,469,-0.004195541804259441,0.057692481679686984,0.05349693987542754
0,470,-0.003914067327180401,0.05688356933408948,0.05296950200690908
0,471,-0.005736731967111101,0.060285300622750705,0.054548568655639604
0,472,-0.004359391031354534,0.05821005661208343,0.053850665580728894
0,473,-0.003459061127980119,0.05819833685515235,0.05473927572717223
0,474,-0.0035713166217848993,0.059012941161790074,0.055441624540005174
0,475,-0.003958467527348429,0.05584023584302421,0.05188176831567578
0,476,-0.00405079592544063,0.059929718199246244,0.055878922273805615
0,477,-0.002861620381375822,0.05749465655021108,0.05463303616883526
0,478,-0.005667391071545645,0.059862108243394635,0.05419471717184899
0,479,-0.003365872278170312,0.05905385767707531,0.055687985398904995
0,480,-0.00477279467133359,0.0572083454493171,0.05243555077798351
0,481,-0.0030074073597803966,0.05803974526049485,0.055032337900714455
0,482,-0.0010213684022535308,0.05737755861337171,0.05635619021111818
0,483,-0.004216267318613298,0.058420370569163486,0.05420410325055019
0,484,-0.003988211494288699,0.05955991192491902,0.055571700430630325
0,485,-0.00579905981955222,0.058071828482890914,0.052272768663338694
0,486,0.0007209843943358288,0.05589436407234014,0.05661534846667597
0,487,-0.0035851582791947903,0.057985710884618256,0.054400552605423466
0,488,-0.004621117540876678,0.05672228006349061,0.05210116252261393
0,489,-0.0033362029486016034,0.05825871427086342,0.054922511322261815
0,490,-0.004901746208737914,0.05870714252532656,0.05380539631658864
0,491,-0.003597962431389927,0.05718520568987585,0.05358724325848592
0,492,-0.004567577810956652,0.05964154582808186,0.055073968017125205
0,493,-0.008319696968159894,0.060496481523170276,0.05217678455501038
0,494,-0.00011456067600351671,0.05667034072200546,0.056555780046001945
0,495,-0.004404197965307409,0.056993662644566706,0.0525894646792593
0,496,-0.0006537370054980618,0.05957543480540361,0.05892169779990555
0,497,-0.0007824050768724528,0.05473062730365614,0.053948222226783686
0,498,-0.007981117771607593,0.06135162550965045,0.053370507738042854
0,499,-0.0033027195117797045,0.05676649957951622,0.05346378006773651
0,500,-0.006265871613380582,0.05930747639719122,0.05304160478381064
0,501,-0.0024129862124952564,0.057320618468654445,0.05490763225615919
0,502,-0.0019088339869006224,0.057288306475183064,0.05537947248828244
0,503,-0.004233559154759578,0.056603939984887414,0.052370380830127836
0,504,-0.001407301969585488,0.05607436949253565,0.05466706752295016
0,505,-0.0034656046965713255,0.057383865030703446,0.05391826033413212
0,506,-0.004118599130293714,0.0587722825476887,0.05465368341739499
0,507,-0.0049636820776709015,0.05785099752554408,0.05288731544787318
0,508,-0.0012897785528182479,0.056825696319543116,0.05553591776672487
0,509,-0.0033950755182008963,0.05819606483482086,0.05480098931661996
0,510,-0.004405263212331305,0.05890044866049817,0.054495185448166866
0,511,-0.004256244472849155,0.05847090921545826,0.0542146647426091
0,512,-0.003334872897451005,0.05724151769060654,0.05390664479315554
0,513,-0.002235250699084604,0.0570025155361317,0.054767264837047094
0,514,-0.0033861964431544447,0.05781574305472017,0.054429546611565724
0,515,-0.002166763590285087,0.055611437825379896,0.05344467423509481
0,516,-0.0031356528048485308,0.05735694720266187,0.05422129439781334
0,517,-0.0054581019920444535,0.058695867178136,0.053237765186091544
0,518,-0.0035117944546963764,0.05728838718720321,0.05377659273250683
0,519,-0.005313012831685962,0.05908534110597391,0.05377232827428795
0,520,-0.003090339332159235,0.05868187418544661,0.055591534853287376
0,521,-0.0018913872983154084,0.057367448324823114,0.055476061026507706
0,522,-0.0020441683468523444,0.05627781083762555,0.054233642490773205
0,523,-0.002708213066786168,0.05850837158423613,0.05580015851744996
0,524,-0.00500677475894451,0.058447150065128024,0.053440375306183514
0,525,-0.0053849113893646924,0.059206221455668895,0.0538213100663042
0,526,-0.0014296843075423324,0.05633745418058726,0.05490776987304493
0,527,-0.007594247597957793,0.05964066668098231,0.052046419083024514
0,528,-0.004358006655004888,0.05775636484643492,0.05339835819143003
0,529,-0.0028762543102820864,0.05646817062129782,0.05359191631101573
0,530,-0.005262643445834672,0.057658729552978225,0.05239608610714355
0,531,-0.002657647866811552,0.057601479570844584,0.05494383170403303
0,532,-0.0024845016094908606,0.058092950300619756,0.055608448691128895
0,533,-0.0043694149647356476,0.05843408465172887,0.05406466968699322
0,534,-0.0002609524418202003,0.056729332158633405,0.056468379716813205
0,535,-0.002778511480986831,0.056497551741591226,0.053719040260604395
0,536,-0.0045399346790703995,0.05987985720152534,0.05533992252245494
0,537,-0.004045756847323438,0.057392209153345086,0.05334645230602165
0,538,-0.004019882425246556,0.05891212181125079,0.05489223938600423
0,539,-0.0022003578021958306,0.05820828792585238,0.05600793012365655
0,540,-0.004585987678866546,0.05899235582566512,0.05440636814679858
0,541,-0.006745095921031896,0.05842288428355745,0.051677788362525554
0,542,-0.003973766375190882,0.058140965706340295,0.05416719933114941
0,543,-0.008486148495810489,0.060340355662439046,0.05185420716662856
0,544,-0.00443878762788056,0.05808918759982352,0.05365039997194296
0,545,-0.004280473037860395,0.05809810744979095,0.053817634411930555
0,546,-0.005280456467034761,0.05865713959043201,0.05337668312339725
0,547,-0.0031964542699060294,0.05743990794887037,0.05424345367896434
0,548,-0.002588587067085417,0.059680644116805626,0.05709205704972021
0,549,-0.0006605174883360723,0.055245363081515696,0.05458484559317962
0,550,-0.0035008800114285643,0.05793246531707832,0.05443158530564975
0,551,-0.0050643201229750995,0.0588469381930931,0.053782618070118
0,552,-0.0017485081179854298,0.05637060013240277,0.05462209201441734
0,553,-0.006320086061881919,0.060149731604959636,0.05382964554307772
0,554,-0.004101180496378511,0.05779861751272017,0.05369743701634166
0,555,-0.0053985831232864975,0.057240780590780006,0.05184219746749351
0,556,-0.00035399373917984617,0.056567599711433506,0.05621360597225366
0,557,-0.004255165722020754,0.05659871742305487,0.052343551701034115
0,558,-0.004255165722020754,0.05659871742305487,0.052343551701034115
0,559,-0.0037572997959148258,0.05677409620200614,0.05301679640609131
0,560,-0.00355085375831872,0.05729094804330666,0.05374009428498794
0,561,-0.003390502486421712,0.058593445662107356,0.055202943175685644
0,562,-0.0053095168774917115,0.05757910096979629,0.05226958409230458
0,563,-0.0030232670847836346,0.05711799434495683,0.0540947272601732
0,564,-0.004133400933836025,0.05808083252285811,0.053947431589022085
0,565,-0.0014626209770162435,0.056199959112739985,0.05473733813572374
0,566,-0.0030863391875539103,0.058081396961356425,0.054995057773802515
0,567,-0.0039989625069002666,0.05788450805014589,0.05388554554324562
0,568,-0.0055208964541975936,0.058928100880386386,0.05340720442618879
0,569,0.00020576272307142734,0.05817375136748529,0.058379514090556715
0,570,-0.0025194554948474446,0.05645713728377903,0.05393768178893159
0,571,-0.001748009394556306,0.05811686661899488,0.05636885722443857
0,572,-0.005837486611046647,0.05742115542902676,0.05158366881798011
0,573,-0.0009089790940060849,0.05720911661029925,0.05630013751629317
0,574,-0.0033026175827457344,0.05695563982468877,0.05365302224194304
0,575,-0.0013549081762392404,0.05803324748478771,0.05667833930854847
0,576,-0.0026212621909784267,0.05735907439494277,0.05473781220396434
0,577,-0.006762394419319112,0.059616557081897045,0.05285416266257793
0,578,-0.0035646961165781976,0.05824176969922999,0.054677073582651795
0,579,-0.0030697919836116874,0.05673676767147351,0.05366697568786182
0,580,-0.0028714009433423587,0.05838107463254608,0.055509673689203724
0,581,-0.00627342741027833,0.05788620018246586,0.05161277277218753
0,582,-0.005547722436103533,0.058913972657976585,0.05336625022187305
0,583,-0.00544321345217267,0.06003548371456964,0.05459227026239697
0,584,-0.0035904568670662926,0.05675603398866258,0.05316557712159629
0,585,-0.002713370267384281,0.05697661910640566,0.05426324883902138
0,586,-0.0040146625093797975,0.05843143823597782,0.054416775726598025
0,587,-0.004535848322132573,0.0592359485011237,0.05470010017899113
0,588,-0.005568265774718084,0.058275399444976624,0.05270713367025854
0,589,-0.004246888547967086,0.056466934071965014,0.05222004552399793
0,590,-0.005704698466972288,0.05976028919757316,0.05405559073060087
0,591,-0.006361972383108649,0.05896280006361153,0.05260082768050288
0,592,-0.0032448355158544717,0.05806979647076268,0.05482496095490821
0,593,-0.002138751859469372,0.056686589212019786,0.054547837352550414
0,594,-0.00045258974506912075,0.05671859800253778,0.05626600825746866
0,595,-0.006441830113716629,0.059730086073663466,0.05328825595994684
0,596,-0.0014520652037869827,0.05789251982887261,0.05644045462508563
0,597,-0.0017273722394877955,0.058526573004905706,0.05679920076541791
0,598,-0.0033558491708359714,0.0575022214145038,0.05414637224366783
0,599,-0.0019471339874412366,0.0580692948773277,0.05612216088988646
0,600,-0.003865017399738588,0.05747945347242229,0.0536144360726837
0,601,-0.0024430507605055704,0.05685489267196146,0.05441184191145589
0,602,-0.004077666268498981,0.05596809880095137,0.05189043253245239
0,603,-0.002026532499374796,0.05595760454580082,0.053931072046426026
0,604,-0.00189257574383863,0.05645159016736453,0.0545590144235259
0,605,-0.0036826395228321054,0.056710594417833264,0.05302795489500116
0,606,-0.003917322748486524,0.05823950539876626,0.054322182650279736
0,607,-0.002020957192725978,0.05895603098786081,0.05693507379513483
0,608,-0.001977199647664969,0.057396234848484065,0.055419035200819096
0,609,-0.00306421676427001,0.05785186625202708,0.05478764948775707
0,610,-0.00176227599648969,0.05840841919772671,0.05664614320123702
0,611,-0.0033248721066384684,0.057673953022878706,0.05434908091624024
0,612,-0.005162239120215767,0.05793801671319674,0.05277577759298097
0,613,-0.005370393837035081,0.05833745933865234,0.052967065501617255
0,614,-0.0019423002137039722,0.05758501043366654,0.05564271021996257
0,615,-0.0033115209904554174,0.05716435401537761,0.05385283302492219
0,616,-0.0012109822489317218,0.057856105349939034,0.05664512310100731
0,617,-0.0031963471247767467,0.056547631200195604,0.05335128407541886
0,618,-0.0015961956048034798,0.05735690830003868,0.0557607126952352
0,619,-0.0012225006429945132,0.058182798144239184,0.05696029750124467
0,620,-0.001982407821406046,0.0558712060483669,0.053888798226960855
0,621,-0.004665189943618572,0.059129720534631475,0.0544645305910129
0,622,-0.0036898354181247248,0.058074613430830015,0.05438477801270529
0,623,-0.0020884981069487774,0.05631934273704086,0.05423084463009208
0,624,-0.003618369502623668,0.057831190352870536,0.05421282085024687
0,625,-0.004355251466376241,0.05879140550323622,0.05443615403685998
0,626,-0.0002554455470226494,0.055888512857317836,0.05563306731029519
0,627,-0.001569719181270128,0.058243967409231226,0.0566742482279611
0,628,-0.00443375279427409,0.05904256396881924,0.05460881117454515
0,629,-0.00407589195113936,0.05732706073157711,0.05325116878043775
0,630,-0.004995197436106179,0.059358202449479036,0.05436300501337286
0,631,-0.0025518302479076507,0.05712746077251367,0.05457563052460602
0,632,-0.004659212055311002,0.05683251051529173,0.05217329845998073
0,633,-0.005289437912661878,0.05857193346648928,0.0532824955538274
0,634,-0.003789548808628619,0.058080563041948634,0.054291014233320015
0,635,-0.005116193365690816,0.058061107642433205,0.05294491427674239
0,636,-0.007261680708992677,0.05989695093189328,0.052635270222900606
0,637,-0.0012407705556279,0.056509951020580124,0.055269180464952224
0,638,-0.00507005289992743,0.058792766182432954,0.053722713282505524
0,639,-0.002438806333530899,0.057349216549427755,0.054910410215896856
0,640,-0.0025409235061778987,0.05775485179172283,0.05521392828554493
0,641,-0.00515259549968361,0.05824183241107174,0.05308923691138813
0,642,0.00041341113833098797,0.056678442609843054,0.05709185374817404
0,643,-0.00310451308640379,0.05897928015414505,0.05587476706774126
0,644,-0.0034228300935624373,0.05742517265845569,0.05400234256489325
0,645,-0.0036529823195220607,0.05800405953448151,0.05435107721495945
0,646,-0.0015262600147115876,0.05724611314089437,0.05571985312618278
0,647,-0.003488406059918861,0.05791891995091916,0.0544305138910003
0,648,-0.003698485078196166,0.05836235469759747,0.054663869619401305
0,649,-0.004901585691667008,0.05753314361610496,0.05263155792443795
0,650,-0.0026648123036930246,0.05776108726411155,0.05509627496041852
0,651,-0.0024674879689887894,0.056466094457954696,0.05399860648896591
0,652,-0.005603901101227139,0.05863922311834257,0.05303532201711543
0,653,-0.00265248346819813,0.05590734007951563,0.0532548566113175
0,654,-0.0025249636867234054,0.057888366588648356,0.05536340290192495
0,655,-0.0038232443482210596,0.0579913297330664,0.05416808538484534
0,656,-0.005928770091764166,0.059187220528000496,0.05325845043623633
0,657,-0.00253774731446485,0.05703013170587849,0.05449238439141364
0,658,-0.0010282814171282476,0.05547399535159107,0.05444571393446282
0,659,-0.005291324645136451,0.05848010136681088,0.05318877672167443
0,660,-0.002351339998118547,0.056103514834131674,0.05375217483601313
0,661,-0.005995428561703188,0.05841002287870977,0.05241459431700658
0,662,-0.0044917821678080935,0.05848671028481811,0.05399492811701002
0,663,-0.0020342007488236835,0.05770788985989004,0.055673689111066356
0,664,-0.005423453982314773,0.05884325632164786,0.053419802339333085
0,665,-0.002726976412078981,0.05884132309816092,0.05611434668608194
0,666,-0.0029661908214515947,0.05703610706967293,0.054069916248221335
0,667,-0.0029661908214515947,0.05703610706967293,0.054069916248221335
0,668,-0.00490665295065193,0.05775917682940147,0.052852523878749544
0,669,-0.0036229817901145614,0.057058382545618895,0.053435400755504334
0,670,-0.0036015771820891718,0.05730210437503221,0.05370052719294304
0,671,-0.0037015146925482925,0.058862404735846335,0.05516089004329804
0,672,-0.0046956652446698,0.05707814926293117,0.05238248401826137
0,673,-0.0020520057823947904,0.05786108251211309,0.0558090767297183
0,674,-0.0029478371699682357,0.05719367777690437,0.05424584060693614
0,675,-0.0020562984747455673,0.0588349698435672,0.056778671368821636
0,676,-0.0004171766713764527,0.057708723633910525,0.05729154696253407
0,677,-0.004858929913341886,0.05706592988927726,0.05220699997593537
0,678,-0.001985756250815457,0.05981962988908154,0.05783387363826608
0,679,-0.001985756250815457,0.05981962988908154,0.05783387363826608
0,680,-0.003740335469882436,0.05975072782846049,0.056010392358578055
0,681,-0.003161939400260917,0.05611067642140437,0.05294873702114345
0,682,-0.004436341375298039,0.059054823918593534,0.054618482543295495
0,683,-0.0044186071307756175,0.057234372854063284,0.052815765723287666
0,684,-0.0036609516014111734,0.05857955978238458,0.054918608180973404
0,685,-0.0042992476311397715,0.058248503292723436,0.053949255661583664
0,686,-0.0033907744127911615,0.05576584577203431,0.05237507135924315
0,687,-0.0038904104324820332,0.05813216189111981,0.05424175145863778
0,688,-0.004677418172150012,0.05858398904829103,0.053906570876141015
0,689,-0.006010418373279931,0.06111885517827975,0.05510843680499982
0,690,-0.0036059525487742577,0.05654080856573655,0.052934856016962295
0,691,-0.006125662545111661,0.05847272536295465,0.05234706281784299
0,692,-0.0022213697554032893,0.05894593946131528,0.05672456970591199
0,693,-0.0023356700632731486,0.05798324735098786,0.05564757728771471
0,694,-0.003892721884501474,0.05942629843601713,0.055533576551515654
0,695,-0.002207157905039857,0.057986939927549636,0.05577978202250978
0,696,-0.005147962855511362,0.060177836234979507,0.055029873379468144
0,697,-0.004149774233406289,0.0579921267807718,0.05384235254736551
0,698,-0.0040431970638214396,0.057455334735996774,0.053412137672175335
0,699,0.0006761271966750984,0.05616099149242804,0.05683711868910314
0,700,-0.0031266828444228567,0.05819490277476465,0.05506821993034179
0,701,-0.005033686019088518,0.058528302848265164,0.053494616829176646
0,702,-0.0032274632603269335,0.05781495189269992,0.054587488632372984
0,703,-0.0047222783069594265,0.05775751178546624,0.05303523347850681
0,704,-0.004166039418659152,0.05687890138889292,0.05271286197023377
0,705,-0.003427288473742872,0.05892872237478452,0.05550143390104165
0,706,-0.0031510056083813368,0.05752225164045716,0.054371246032075826
0,707,-0.003789662709610904,0.05889449355841006,0.055104830848799156
0,708,-0.004067126865833458,0.05814475674176762,0.05407762987593416
0,709,-0.0006591233182882961,0.05766669498571451,0.05700757166742621
0,710,-0.0018937692163984651,0.058218905267222176,0.05632513605082371
0,711,-0.0015975443249361052,0.0556109903015282,0.05401344597659209
0,712,-0.004827724100976809,0.05931958920651939,0.05449186510554258
0,713,-0.005162217195022439,0.05937662201645205,0.05421440482142961
0,714,-0.004296731934023905,0.0585308416473286,0.054234109713304696
0,715,-0.004103850814781276,0.058724915844261795,0.05462106502948052
0,716,-0.00514204508790049,0.058438739427087195,0.053296694339186705
0,717,-0.00037141548596389407,0.05537970537359342,0.05500828988762953
0,718,-0.0038783076266573,0.05707661291931356,0.05319830529265626
0,719,0.00011771331183587502,0.05636367774289777,0.05648139105473365
0,720,-0.002591378877302687,0.05627792928160917,0.053686550404306484
0,721,-0.0029089496994485695,0.056793447723038216,0.05388449802358965
0,722,-0.003977396891122892,0.057900968287879696,0.053923571396756804
0,723,-0.0009753439041402315,0.05663271667968253,0.0556573727755423
0,724,-0.003016159243561335,0.057053377980393546,0.05403721873683221
0,725,-0.0062015423959939295,0.05910477581628672,0.05290323342029279
0,726,-0.005496315721345756,0.059423176748684796,0.05392686102733904
0,727,-0.004146409163644955,0.05640405718381502,0.052257648020170064
0,728,-0.0024279942374831193,0.056707616790354395,0.054279622552871276
0,729,-0.006853055490251378,0.0598625764420754,0.05300952095182402
0,730,-0.00398406989949697,0.05836368986736322,0.05437961996786625
0,731,-0.003045292384085997,0.05773330068915684,0.05468800830507084
0,732,-0.002195799632103153,0.055716218110398376,0.05352041847829522
0,733,-0.00646525232184833,0.060667882836623714,0.054202630514775384
0,734,-0.005921359905464246,0.060771676529998375,0.05485031662453413
0,735,-0.0027952566421212757,0.05816934103748601,0.05537408439536473
0,736,-0.006123190747706904,0.058396389532840376,0.05227319878513347
0,737,0.0002898068896041994,0.056369404821983216,0.056659211711587415
0,738,-0.0042486811753627216,0.058299090121303805,0.054050408945941084
0,739,-0.003231182567834709,0.05828072756384859,0.05504954499601388
0,740,-0.003626891106207057,0.05768916720310391,0.05406227609689685
0,741,-0.005430561767127189,0.058626619800105056,0.05319605803297787
0,742,-0.00513612326204594,0.057690399639449046,0.052554276377403106
0,743,-0.003527888585799971,0.05803295671561565,0.054505068129815676
0,744,-0.0013833090216065144,0.05656763252753686,0.05518432350593035
0,745,-0.0045850868090501,0.05780333505791054,0.05321824824886044
0,746,-0.00189687795511264,0.05767796458413687,0.05578108662902423
0,747,-0.0032855195265900916,0.056803337779813064,0.05351781825322297
0,748,-0.0018913203309071785,0.05700414359590979,0.05511282326500261
0,749,-0.0027916904371761836,0.05829499553115376,0.05550330509397758
0,750,-0.004038675837129024,0.05679425406426964,0.052755578227140616
0,751,-0.002310124632666069,0.05830738982800069,0.05599726519533462
0,752,-0.004087629376226511,0.057202626011643956,0.053114996635417445
0,753,-0.005151782898672616,0.05914970377852575,0.05399792087985313
0,754,-0.004811049600276521,0.05799205801596255,0.05318100841568603
0,755,-0.00511170819812657,0.05835749832207347,0.0532457901239469
0,756,-0.0014172540258832883,0.05682134118535865,0.05540408715947536
0,757,-0.004393794364121753,0.05889493660056099,0.05450114223643924
0,758,-0.004356563051888793,0.058126047694795846,0.05376948464290705
0,759,-0.00285083945026416,0.05730281536805053,0.05445197591778637
0,760,-0.005450507671489031,0.05893173495534091,0.05348122728385188
0,761,-0.0037438797324874998,0.059944850632997385,0.056200970900509885
0,762,-0.0031875482731643923,0.056881692765275056,0.053694144492110664
0,763,-0.0020345141356059512,0.057654004286935255,0.055619490151329304
0,764,-0.0010154485008023323,0.05702790757413982,0.05601245907333749
0,765,-0.003919950533796297,0.05927537854311557,0.05535542800931927
0,766,-0.00418252644303177,0.059048463091571086,0.05486593664853932
0,767,-0.004001520428844392,0.057405409501157426,0.053403889072313034
0,768,-0.003878690015797562,0.05763729180809139,0.05375860179229383
0,769,-0.003280797659412485,0.05606523094529839,0.052784433285885904
0,770,-0.004804997616361946,0.05688473753153008,0.052079739915168136
0,771,-0.0005675107609230054,0.057750227759429125,0.05718271699850612
0,772,-0.001762064832014562,0.055968649111712086,0.054206584279697524
0,773,-0.004999475220712431,0.05819655333751196,0.05319707811679953
0,774,-0.003509690334470128,0.05798072103857178,0.05447103070410165
0,775,-0.0017251901446509177,0.056966733316130225,0.05524154317147931
0,776,-0.004886713798424855,0.057881882703413316,0.05299516890498846
0,777,-0.005392905093960169,0.058219163928653415,0.052826258834693246
0,778,-0.004564736067529808,0.05771727195271111,0.053152535885181304
0,779,-0.0035352612158621177,0.05796820168507435,0.05443294046921223
0,780,-0.003467755218264673,0.058116723312116314,0.05464896809385164
0,781,-0.004684563892467776,0.05926769795261269,0.054583134060144915
0,782,-0.0044804617041287395,0.0593923221330296,0.05491186042890086
0,783,-0.0024358765212550842,0.05858795890963579,0.05615208238838071
0,784,-0.0016064523747269452,0.05571552087134656,0.05410906849661962
0,785,-0.005334610198259732,0.060324613560668205,0.054990003362408474
0,786,-0.0015224582450815358,0.05784955708435736,0.05632709883927582
0,787,-0.002022488064667191,0.05876835939465726,0.056745871329990066
0,788,-0.0025622122232398584,0.055462980743212674,0.052900768519972816
0,789,-0.005447488739146598,0.058956123442284916,0.05350863470313832
0,790,-0.005407123713992629,0.05716650706754263,0.05175938335355
0,791,-0.003371130491944707,0.05733109157619388,0.05395996108424917
0,792,-0.004074232924423556,0.057614963330815346,0.05354073040639179
0,793,-0.002467152995899377,0.05713952294068905,0.054672369944789675
0,794,-0.0034544916849351126,0.05704762327770257,0.053593131592767455
0,795,-0.0029896650057236046,0.056988441078277614,0.05399877607255401
0,796,-0.0026377846469057484,0.056567486365939224,0.053929701719033475
0,797,-0.003015317330368153,0.05881973768079406,0.055804420350425904
0,798,-0.004808742862919532,0.058424224395216426,0.053615481532296894
0,799,-0.0008780723256028716,0.05680747409276479,0.05592940176716192
0,800,-0.004527689758469823,0.05931134869455089,0.054783658936081066
0,801,-0.007044358335120994,0.059809283390680965,0.05276492505555997
0,802,-0.0017864385041845635,0.056862326717793975,0.05507588821360941
0,803,-0.002245412072547616,0.05680660145225592,0.0545611893797083
0,804,-0.0036480584614726336,0.05798665542596909,0.05433859696449646
0,805,-0.003936376642472476,0.05764468017953424,0.05370830353706176
0,806,-0.004958615928219119,0.057757863136577894,0.052799247208358775
0,807,-0.004946234613369217,0.05854285718633085,0.05359662257296163
0,808,-0.0042665961372209335,0.05877522932742662,0.054508633190205685
0,809,-0.005907671580336046,0.059766880313612165,0.05385920873327612
0,810,-0.002545591834630212,0.05715024084022109,0.05460464900559088
0,811,-0.0022069833582709156,0.057125629042755824,0.05491864568448491
0,812,-0.005929385239629853,0.05695472582381128,0.05102534058418143
0,813,-0.0057857641600038145,0.058831687114221286,0.05304592295421747
0,814,-0.004286786799183172,0.058136021478109784,0.05384923467892661
0,815,-0.001951735448915956,0.058141557900582105,0.05618982245166615
0,816,-0.004111155653478596,0.060147438509391325,0.05603628285591273
0,817,0.00016404442869324964,0.057872554933068525,0.058036599361761775
0,818,-0.003501926909884115,0.057038329306948105,0.05353640239706399
0,819,-0.00010615871019152567,0.057114342142505194,0.05700818343231367
0,820,-0.002801969569535899,0.056899471735825,0.0540975021662891
0,821,-0.004710422311276143,0.059647449521190984,0.05493702720991484
0,822,-0.003433085258827316,0.05896728376862417,0.05553419850979685
0,823,-0.0022304582449100344,0.05829619574621849,0.05606573750130846
0,824,-0.0011011111687890193,0.05611085728815305,0.05500974611936403
0,825,-0.00010057875532216293,0.055537671251178346,0.05543709249585618
0,826,-0.004830950702376088,0.057046974208244915,0.052216023505868826
0,827,-0.0012714468091434283,0.0570909539414997,0.05581950713235627
0,828,-0.0020782851026108703,0.05673943952470292,0.05466115442209205
0,829,-0.0062310239376462614,0.05727527951723886,0.0510442555795926
0,830,-0.002666484731121771,0.05788874105967017,0.0552222563285484
0,831,-0.004819918321388769,0.057994368653095735,0.053174450331706966
0,832,-0.003694322816939044,0.05863582857151115,0.05494150575457211
0,833,-0.004603487324587673,0.0573749874455656,0.05277150012097793
0,834,-0.0009274142981752359,0.056380845144967176,0.05545343084679194
0,835,-0.005969346063575222,0.05981127640028611,0.05384193033671089
0,836,-0.0011435761338705885,0.05603791204031623,0.05489433590644564
0,837,-0.00490657027726215,0.059020138951265344,0.054113568674003194
0,838,-0.004421186116433509,0.06007802821040634,0.05565684209397283
0,839,-0.0036356013767971304,0.059676965822380426,0.056041364445583296
0,840,-0.004381576236403985,0.056722724050342274,0.05234114781393829
0,841,-0.004900516887570171,0.05904835585213201,0.05414783896456184
0,842,-0.0037644409972104886,0.05840298393654817,0.05463854293933768
0,843,-0.004453279500476769,0.058408629946459074,0.053955350445982306
0,844,-0.0022971261611251168,0.05640050645121106,0.05410338029008594
0,845,-0.001207398591893366,0.057350627950172615,0.05614322935827925
0,846,-0.005132194270595934,0.05754436521374778,0.05241217094315185
0,847,-0.002877597667573492,0.057362891138536355,0.05448529347096286
0,848,-0.005072621048792372,0.0586360938223178,0.053563472773525425
0,849,-0.0028706079962144138,0.05735452413525633,0.05448391613904192
0,850,-0.00041561471500952546,0.05733338556628889,0.056917770851279366
0,851,-0.007526097113606037,0.06003591684937122,0.052509819735765184
0,852,-0.004510821293797297,0.059126813496516946,0.05461599220271965
0,853,0.00012587311334776724,0.05598041024158763,0.0561062833549354
0,854,-0.0036762189808922582,0.05838612222738908,0.05470990324649682
0,855,-0.0032292560665830305,0.05802104892521447,0.05479179285863144
0,856,-0.0034465530110158737,0.05903043612555042,0.05558388311453455
0,857,-0.003989091093866658,0.05717137547264909,0.05318228437878243
0,858,-0.0020325301883947905,0.05881464512485741,0.05678211493646262
0,859,-0.003193224323769485,0.05784723731289875,0.054654012989129266
0,860,-0.004244042589863245,0.05874946795482671,0.054505425364963465
0,861,-0.0035080110082891247,0.058526320683510866,0.05501830967522174
0,862,-0.0038441398824805503,0.056259085052951595,0.052414945170471045
0,863,-0.0032524224517320663,0.057562606343038086,0.05431018389130602
0,864,-0.0021393132600487225,0.05724854492218296,0.05510923166213424
0,865,-0.004261547125989841,0.058516586650107484,0.05425503952411764
0,866,-0.0020608620460248125,0.05864624907741886,0.05658538703139405
0,867,-0.002819808665911562,0.05741836302395669,0.05459855435804513
0,868,-0.0017719978962714572,0.05893254407117888,0.05716054617490742
0,869,-0.0034677968909751014,0.056856836640903914,0.05338903974992881
0,870,-0.0019739456636206423,0.05698381605766169,0.055009870394041045
0,871,-0.007670614415029489,0.06048295265292387,0.05281233823789438
0,872,-0.004590679274954788,0.05799984698358363,0.053409167708628844
0,873,-0.0024959207298171845,0.059733425494234056,0.05723750476441687
0,874,-0.0021949926603302625,0.055408118324649286,0.05321312566431902
0,875,-0.002920032541670843,0.05551574229428101,0.052595709752610166
0,876,-0.0027228786436487087,0.058755673274419266,0.05603279463077056
0,877,-0.002843694081308301,0.05743634710966376,0.05459265302835546
0,878,-0.0027294142749047165,0.056297737219164715,0.05356832294426
0,879,-0.004005569354180921,0.057942456914890875,0.053936887560709953
0,880,-0.001983770348330416,0.057822661326746023,0.05583889097841561
0,881,-0.0030422644574605584,0.05551704115317754,0.052474776695716985
0,882,-0.00694664672889983,0.05881073891237544,0.05186409218347561
0,883,-0.002379666757391763,0.059536169877216716,0.05715650311982495
0,884,-0.0049475165050640035,0.05930400783457495,0.054356491329510946
0,885,-0.002217175281968159,0.05767245929039407,0.05545528400842591
0,886,-0.002804480683717976,0.05773336140357129,0.054928880719853315
0,887,-0.004749571900449952,0.06065384047794056,0.05590426857749061
0,888,-0.005153761604686322,0.059878714694736046,0.054724953090049724
0,889,-0.0018147744473820879,0.05669097813015552,0.05487620368277343
0,890,-0.0013905602499617725,0.05807483203784396,0.056684271787882184
0,891,-0.005452413061589889,0.059397265776761216,0.053944852715171326
0,892,-0.0007155852585394654,0.05687929629941748,0.056163711040878014
0,893,-0.00007162111498719426,0.055230588697303566,0.05515896758231637
0,894,-0.003840929809708911,0.059364287699788375,0.055523357890079464
0,895,-0.004378628919288335,0.0582860010376424,0.053907372118354065
0,896,-0.004405232363609839,0.05764664921359842,0.05324141684998858
0,897,0.0005333315929357471,0.05729062784882485,0.057823959441760595
0,898,-0.008352798147863584,0.06029187062430475,0.05193907247644117
0,899,-0.005249248367023847,0.05858159722408771,0.053332348857063866
0,900,-0.000653493261808101,0.05681725080140327,0.05616375753959517
0,901,-0.003992351221670895,0.0567479313258425,0.052755580104171605
0,902,-0.006698694341689952,0.05790674544190369,0.05120805110021374
0,903,-0.006619423771569544,0.05928599066601212,0.052666566894442574
0,904,7.141515589309533e-6,0.05659409447340258,0.05660123598899189
0,905,-0.002132509093829636,0.05587521310165535,0.053742704007825715
0,906,-0.0027458331866664146,0.05920096037779791,0.05645512719113149
0,907,-0.005495692316418811,0.061514299303969115,0.056018606987550304
0,908,-0.0038212560535214116,0.05921148468768922,0.05539022863416781
0,909,-0.0020248650325661796,0.05708813302185944,0.05506326798929326
0,910,-0.0022450217697830496,0.05742699100144374,0.05518196923166069
0,911,-0.0022888934927202606,0.05844941809140781,0.05616052459868755
0,912,-0.005935179651711926,0.05993907739682489,0.054003897745112966
0,913,-0.00017123471074922958,0.057487487339162445,0.057316252628413215
0,914,-0.004632828963955275,0.05731301945257443,0.052680190488619154
0,915,-0.0038579402310709165,0.057097939425550595,0.05323999919447968
0,916,-0.002730034344811484,0.059073428090431916,0.05634339374562043
0,917,-0.001407023027187787,0.05656074839271884,0.05515372536553105
0,918,-0.003543610315069605,0.05864225585181975,0.055098645536750146
0,919,-0.005470095525831359,0.057915186757392226,0.05244509123156087
0,920,-0.006888375749813831,0.05987013892481858,0.05298176317500475
0,921,-0.00331344724838549,0.05579400677833606,0.05248055952995057
0,922,-0.004644371391331066,0.05971892490588565,0.055074553514554585
0,923,-0.002851600682910252,0.05665827456546629,0.05380667388255604
0,924,-0.0064450102496308795,0.05905632870180781,0.05261131845217693
0,925,-0.0026799228929785257,0.056836112418250644,0.05415618952527212
0,926,-0.0041449653826790625,0.05696543306746395,0.052820467684784884
0,927,-0.004848118274661237,0.058980240387904004,0.05413212211324277
0,928,-0.0010199854012255885,0.05902389982901452,0.05800391442778893
0,929,-0.00297543581793195,0.05963754416436076,0.05666210834642881
0,930,-0.0021003506843531097,0.05743059713443774,0.05533024645008463
0,931,-0.0014791926935026414,0.058102116888390544,0.0566229241948879
0,932,-0.0005908339313275904,0.056855190675482954,0.056264356744155364
0,933,-0.00550757474544436,0.05874837289946808,0.05324079815402372
0,934,0.00004947595213210254,0.05609640524120112,0.05614588119333322
0,935,-0.0011405118055666102,0.05782997521030832,0.05668946340474171
0,936,-0.006390098872273993,0.059357419358588376,0.05296732048631438
0,937,-0.0005937305398829168,0.057069515899649245,0.05647578535976633
0,938,-0.0022917233805486784,0.05767254098242217,0.055380817601873494
0,939,-0.0033914972698783005,0.05898819495118817,0.05559669768130987
0,940,-0.001677427172253769,0.057157187811231344,0.055479760638977575
0,941,-0.0009581728622550176,0.05711155936052585,0.056153386498270834
0,942,-0.004765278867407956,0.057449075982974177,0.05268379711556622
0,943,-0.006185152509811977,0.060625829533456,0.054440677023644024
0,944,-0.003091817672364841,0.05775465421878478,0.054662836546419936
0,945,-0.001246825729740872,0.057453777220126734,0.05620695149038586
0,946,-0.004219510074341945,0.05825915888205631,0.05403964880771436
0,947,0.0016863700194604467,0.056959117661304876,0.05864548768076532
0,948,-0.006576016115291232,0.05929108217024303,0.0527150660549518
0,949,-0.003285772006831847,0.05542641373669685,0.052140641729865
0,950,-0.005619170983568358,0.058254614590721836,0.05263544360715348
0,951,-0.004509133582096141,0.05654038297515025,0.05203124939305411
0,952,-0.000939472979267969,0.058550234552363106,0.05761076157309514
0,953,-0.003437829946883915,0.05657233399915315,0.05313450405226924
0,954,-0.0021159386123801097,0.05594197959712976,0.05382604098474965
0,955,-0.002860388171606068,0.05579920110206148,0.05293881293045541
0,956,-0.0034211336251450744,0.0594032226254689,0.05598208900032382
0,957,-0.0056285655718792404,0.0587713318285594,0.05314276625668016
0,958,-0.002283449411102041,0.057573044885509544,0.0552895954744075
0,959,-0.0039622698773178686,0.05828405840825907,0.054321788530941204
0,960,-0.006212374000372584,0.05780046128833182,0.05158808728795924
0,961,-0.005237862895788294,0.0586299136943575,0.05339205079856921
0,962,-0.0067982917999454065,0.060673668515720154,0.05387537671577475
0,963,-0.006306340548550379,0.060229935337401924,0.053923594788851545
0,964,-0.005608725055854406,0.05787365186557769,0.052264926809723285
0,965,-0.004272641883313277,0.058407940548906793,0.054135298665593516
0,966,-0.003727760616449874,0.05929128093672382,0.055563520320273944
0,967,-0.00522724343890154,0.0583651960912124,0.05313795265231086
0,968,-0.0033068304182144598,0.057207893974541124,0.053901063556326664
0,969,-0.0022435368331453903,0.05859469365998744,0.05635115682684205
0,970,-0.005092207477743117,0.05835013255282277,0.053257925075079655
0,971,-0.00437175043893543,0.058242099582065034,0.0538703491431296
0,972,-0.004758181373457099,0.05803486715675028,0.053276685783293184
0,973,-0.0050268184671930435,0.05862862523336632,0.05360180676617328
0,974,-0.0034644306519988413,0.057589089500142195,0.05412465884814335
0,975,-0.005600733428668743,0.0569302203801296,0.051329486951460855
0,976,-0.003210084044589362,0.05789658926165086,0.0546865052170615
0,977,-0.004369789204026905,0.05762849751540363,0.053258708311376725
0,978,-0.0032880310805386836,0.0567706315789583,0.053482600498419616
0,979,-0.006584561818543284,0.05932572160040948,0.05274115978186619
0,980,-0.0032625200701853763,0.05752220459824238,0.054259684528057
0,981,-0.005758703444732269,0.05892111669378743,0.053162413249055164
0,982,-0.002838852956241797,0.057029226220849716,0.05419037326460792
0,983,0.0015375961650935105,0.05592771254493893,0.05746530871003244
0,984,-0.0058113492358526225,0.05833628704506479,0.05252493780921217
0,985,-0.005446517201907725,0.05828954768408717,0.05284303048217945
0,986,-0.0032011478025505205,0.0569868018449815,0.05378565404243098
0,987,-0.004346405687670786,0.05874805502676555,0.05440164933909476
0,988,-0.004547537112924209,0.05738159012439681,0.0528340530114726
0,989,-0.00237924542885444,0.05727873204449105,0.05489948661563661
0,990,-0.0018689779397951245,0.05604714426824081,0.05417816632844569
0,991,-0.0046107135690749215,0.05738879417345728,0.05277808060438236
0,992,0.0008102148836840045,0.056392633674839925,0.05720284855852393
0,993,-0.0010853805806586292,0.055013803471282034,0.053928422890623405
0,994,-0.00444986082892998,0.05670484182578614,0.05225498099685616
0,995,-0.003778434475369595,0.05648542429354518,0.052706989818175586
0,996,-0.005844586665202718,0.0595226536092596,0.053678066944056885
0,997,-0.005246023687616362,0.059393132028705456,0.054147108341089094
0,998,-0.004092948815695857,0.05769215441516078,0.053599205599464926
0,999,-0.003288737301920093,0.058346715364366246,0.05505797806244615
1,0,-0.0027363021975476687,0.05724408958537219,0.054507787387824524
1,1,-0.002530220156825559,0.05842852302064045,0.05589830286381489
1,2,-0.00581749387145597,0.05890088618748701,0.05308339231603104
1,3,-0.004554873312383065,0.05814529068667347,0.053590417374290406
1,4,-0.003647783984463762,0.05715779102490782,0.053510007040444056
1,5,-0.004246606567464811,0.0596281907399227,0.055381584172457886
1,6,-0.001504761286197441,0.0569207998667688,0.055416038580571356
1,7,-0.004540004315768079,0.05753142330435639,0.052991418988588314
1,8,-0.0059512896601468315,0.05866047837785377,0.05270918871770694
1,9,-0.0026553604496073607,0.057361167723355304,0.05470580727374794
1,10,-0.00428448459555885,0.058319090240211355,0.054034605644652504
1,11,-0.0041436533922052585,0.059042334450191185,0.054898681057985926
1,12,-0.0036631690387698354,0.05890936126737881,0.05524619222860897
1,13,-0.00323068788051014,0.06022358047360325,0.05699289259309311
1,14,-0.002056062496692171,0.05704170439112495,0.05498564189443278
1,15,-0.006150210368713861,0.05918111105845476,0.0530309006897409
1,16,-0.0016110517287655848,0.05783753918404297,0.056226487455277384
1,17,-0.006502550552405187,0.05819094178652241,0.051688391234117226
1,18,-0.005877894783395524,0.057075275419811944,0.05119738063641642
1,19,-0.0035500380415172464,0.05622129797650029,0.05267125993498304
1,20,-0.00610189688393286,0.061389218396512006,0.055287321512579146
1,21,-0.0024879626647756337,0.05569511327765761,0.053207150612881976
1,22,-0.005387228328584487,0.05986209515559518,0.05447486682701069
1,23,-0.004072837382693567,0.05774322806611463,0.05367039068342106
1,24,-0.0016113578902374123,0.056438420610313636,0.054827062720076224
1,25,-0.000545743103332004,0.05648425948008062,0.05593851637674862
1,26,-0.0023187991610606126,0.056516854703940536,0.054198055542879923
1,27,-0.0030429444479991227,0.05770834253399218,0.05466539808599306
1,28,-0.003871409427940703,0.058404006287057116,0.05453259685911641
1,29,-0.0033384422264031155,0.05823880222015444,0.05490035999375133
1,30,-0.0033319916855545154,0.05945686049722997,0.05612486881167546
1,31,-0.005518231325401558,0.059605882377764326,0.05408765105236277
1,32,-0.0004125770304340068,0.05559850607681428,0.055185929046380276
1,33,-0.0031729630192792804,0.0564495677974251,0.05327660477814582
1,34,-0.0022999387411014524,0.058848162743306245,0.05654822400220479
1,35,-0.0012974576881038535,0.056112016918494684,0.05481455923039083
1,36,-0.0017958710027367458,0.0570344600060404,0.055238589003303654
1,37,-0.005535322655650161,0.05863009541175653,0.05309477275610637
1,38,0.0008919025199670833,0.05631768238418718,0.057209584904154266
1,39,-0.0017343890947417243,0.05688775753543136,0.05515336844068964
1,40,-0.003480556663078241,0.058999209558952104,0.05551865289587386
1,41,-0.0006054855729398512,0.05801245635826071,0.05740697078532086
1,42,-0.0030640777735045574,0.05700685723461256,0.053942779461108
1,43,-0.002884309100427855,0.05800079137421928,0.05511648227379142
1,44,-0.0040953851938616975,0.057935266077016725,0.05383988088315503
1,45,-0.005333127344638582,0.05824400103707156,0.052910873692432976
1,46,-0.0015629497794268227,0.057419144017721864,0.05585619423829504
1,47,-0.0026929911123238573,0.057193246317734495,0.05450025520541064
1,48,-0.003869778824150377,0.058436632764321046,0.05456685394017067
1,49,-0.0012082912789904005,0.05774639515541375,0.05653810387642335
1,50,-0.003965972918642709,0.058558259292026925,0.054592286373384216
1,51,-0.004259810167223377,0.058621916329225546,0.05436210616200217
1,52,-0.003256702060775808,0.05708141480008747,0.053824712739311664
1,53,-0.0015280430988845184,0.0570745635745829,0.05554652047569838
1,54,-0.003012803753533619,0.057159756649065155,0.054146952895531536
1,55,-0.002039468201895246,0.05739382708411273,0.055354358882217486
1,56,-0.0008940439833007019,0.05623298087297696,0.05533893688967626
1,57,-0.002574192233945595,0.057757577575500624,0.05518338534155503
1,58,-0.003578169684502884,0.05781958180750301,0.05424141212300013
1,59,-0.0040933904739699,0.05895804141801456,0.05486465094404466
1,60,-0.0030970217562653196,0.05874416911791967,0.05564714736165435
1,61,-0.005482607020089639,0.05763881483634807,0.05215620781625843
1,62,-0.003514090927523257,0.05869022620354023,0.055176135276016974
1,63,-0.004100884724380846,0.05955881370432257,0.05545792897994172
1,64,-0.00018593491125390438,0.05615668867937836,0.05597075376812446
1,65,-0.005098500898639481,0.058473211369830955,0.053374710471191474
1,66,-0.0038158785149483287,0.05793528792405903,0.054119409409110704
1,67,-0.001780636859477644,0.05699281850041208,0.05521218164093444
1,68,-0.0015730067159165917,0.05648312207317999,0.054910115357263395
1,69,-0.0008500922038679679,0.058128181964832056,0.05727808976096409
1,70,0.0006953210359456272,0.05710875403666023,0.057804075072605855
1,71,-0.003402720480548599,0.056730554697860196,0.0533278342173116
1,72,-0.0052194821894692295,0.05899644776048495,0.053776965571015724
1,73,-0.0030033305687972855,0.057193709119478055,0.05419037855068077
1,74,-0.005036972152873367,0.0592918162536504,0.054254844100777036
1,75,-0.001684790950897859,0.05580301746848817,0.05411822651759031
1,76,-0.003671072522621527,0.05762998960641531,0.053958917083793786
1,77,-0.0020050036728358825,0.05634791484032716,0.05434291116749128
1,78,-0.0034271447866528193,0.058203899938469146,0.05477675515181633
1,79,-0.00509923837639388,0.05791213883019159,0.05281290045379771
1,80,-0.003970498041368391,0.05793059083135381,0.05396009278998542
1,81,-0.0032157052303108252,0.05736924701736737,0.054153541787056544
1,82,-0.003537030478821923,0.05783267717194454,0.05429564669312262
1,83,-0.005538578386787278,0.05997331971096678,0.054434741324179504
1,84,-0.003050794593820516,0.058575406303425843,0.05552461170960533
1,85,-0.006705981332174447,0.061095964649668114,0.054389983317493666
1,86,-0.004833994530764732,0.057687209650435126,0.052853215119670394
1,87,-0.0037498665800000386,0.057055470949509454,0.053305604369509416
1,88,-0.0015343424964892258,0.05888797956516805,0.057353637068678825
1,89,-0.0061975621228155114,0.06091205687151453,0.05471449474869902
1,90,-0.0061975621228155114,0.06091205687151453,0.05471449474869902
1,91,-0.0017705404278864911,0.058907707279585664,0.05713716685169917
1,92,-0.004402594662752335,0.05760782150540822,0.053205226842655884
1,93,-0.005916974561836881,0.05909129776379619,0.053174323201959306
1,94,-0.0019867169130778697,0.05842195705073929,0.05643524013766142
1,95,-0.0009108251572977136,0.05499727657642753,0.054086451419129815
1,96,-0.003231652386381789,0.05967419684344338,0.056442544457061594
1,97,-0.00546626845881721,0.058334362841194067,0.05286809438237686
1,98,-0.0041766205559110176,0.057360877057022634,0.05318425650111162
1,99,-0.005739274961543986,0.05797040187591155,0.052231126914367564
1,100,-0.0013956769962894106,0.05686604793044382,0.05547037093415441
1,101,-0.002221833362819149,0.05720992890247771,0.05498809553965856
1,102,-0.0012817346388633785,0.05641811026048009,0.05513637562161671
1,103,-0.0032803134090533675,0.059107527028158385,0.05582721361910502
1,104,-0.0036218173773793286,0.0587573607164855,0.05513554333910617
1,105,-0.005456474174522358,0.05875366268301213,0.05329718850848977
1,106,-0.0028798407974496634,0.057132568972066804,0.05425272817461714
1,107,-0.004890340896226392,0.059625368621798895,0.0547350277255725
1,108,-0.003025069422716853,0.058955894711169445,0.05593082528845259
1,109,-0.0021978824741392122,0.056932433420922475,0.05473455094678326
1,110,-0.0055702761454875654,0.059491509962348206,0.05392123381686064
1,111,0.00011903977315227271,0.05678912735748082,0.05690816713063309
1,112,-0.005496678149922794,0.05911636639056755,0.05361968824064475
1,113,-0.0027442714165406418,0.057640064440490586,0.054895793023949944
1,114,-0.00362114611216479,0.05781972964327857,0.05419858353111378
1,115,-0.0031570211958926106,0.057992986814141265,0.054835965618248654
1,116,-0.004046283087427695,0.05651141365179005,0.052465130564362354
1,117,-0.003375539124648809,0.06038494311286911,0.057009403988220304
1,118,-0.007205290307749045,0.059393109555058214,0.05218781924730917
1,119,-0.002912977965795177,0.057660961508200256,0.05474798354240508
1,120,-0.006149679397729528,0.05726021154832343,0.0511105321505939
1,121,-0.004346431708449297,0.058858101428548214,0.05451166972009892
1,122,-0.005347160518880872,0.057849672633990934,0.05250251211511006
1,123,-0.004309705772944539,0.0586650142358227,0.054355308462878164
1,124,-0.0021808239922859254,0.05656095793274465,0.05438013394045872
1,125,-0.0023718637002503387,0.05828098719033255,0.05590912349008221
1,126,-0.002420429611901878,0.05629149651057477,0.053871066898672895
1,127,-0.0004136902117452268,0.056423565029524655,0.05600987481777943
1,128,-0.00313647854060721,0.057110876052407736,0.053974397511800526
1,129,-0.00199970949122099,0.05686696885663248,0.05486725936541149
1,130,-0.0033763495285591763,0.05669208193567394,0.05331573240711476
1,131,-0.0023435606008135254,0.056703739955453206,0.05436017935463968
1,132,-0.0007503433877876012,0.05650732454498442,0.05575698115719682
1,133,-0.00509964733674962,0.059134919975621064,0.054035272638871444
1,134,-0.0014734510531939846,0.05821488572143426,0.056741434668240276
1,135,-0.004586839941610028,0.059188642769261786,0.05460180282765176
1,136,-0.0027074789892128567,0.05848547942218469,0.05577800043297183
1,137,-0.004899299267123805,0.057981488216088395,0.05308218894896459
1,138,-0.004921832610208253,0.05820172286361487,0.05327989025340662
1,139,-0.004248717409287853,0.05756347860094755,0.0533147611916597
1,140,-0.006928337290470397,0.05947812321082495,0.05254978592035455
1,141,-0.003923957682164414,0.056974481232741576,0.05305052355057716
1,142,-0.0006326335923067111,0.05645585860780332,0.05582322501549661
1,143,-0.0019974672279530203,0.056829066043956954,0.05483159881600393
1,144,-0.004664566003625796,0.059304994382429366,0.05464042837880357
1,145,-0.0028967798131066536,0.05758498120681104,0.05468820139370439
1,146,-0.004014606543959534,0.05908727787080912,0.055072671326849586
1,147,-0.0034305704200676135,0.05751022761323155,0.05407965719316394
1,148,-0.0034661250934034174,0.060710766133290565,0.05724464103988715
1,149,-0.003403881406420374,0.05739713072217871,0.053993249315758336
1,150,-0.0040427692287181224,0.0580127684328917,0.05396999920417358
1,151,-0.0040025706203682745,0.058001423897539414,0.05399885327717114
1,152,-0.003493105038243627,0.056846906388239436,0.05335380134999581
1,153,-0.007107883717666998,0.06142325818012797,0.05431537446246097
1,154,-0.006904755803703089,0.05937298408867571,0.05246822828497262
1,155,-0.002594641448864267,0.057825246001786644,0.05523060455292238
1,156,-0.003926767549399697,0.058758898957059054,0.05483213140765936
1,157,-0.0030902159670810544,0.057175357289463054,0.054085141322382
1,158,-0.0024235378309643285,0.056988994881706306,0.05456545705074198
1,159,-0.0036370598462629883,0.05904373990334435,0.05540668005708136
1,160,-0.005383424066707394,0.05803868746481941,0.052655263398112016
1,161,-0.002045422894854196,0.05509069827021565,0.05304527537536145
1,162,-0.005594698539226922,0.05920749815894811,0.05361279961972119
1,163,-0.0034398672484035817,0.057007344320976275,0.05356747707257269
1,164,-0.006678916435514319,0.05946802582633009,0.05278910939081577
1,165,0.00041237038609152205,0.05766678385621486,0.058079154242306384
1,166,-0.005918030783376743,0.058746060027367805,0.05282802924399106
1,167,-0.0021402249341401433,0.05549535706774482,0.053355132133604675
1,168,-0.0014874668116290485,0.05734741358303823,0.05585994677140918
1,169,-0.005951304952183975,0.05744356540122826,0.051492260449044286
1,170,-0.0009771157235584083,0.05747449276531241,0.056497377041754004
1,171,-0.006353012661704578,0.059947544425458896,0.05359453176375432
1,172,-0.0024237579491079783,0.05837456135400497,0.05595080340489699
1,173,-0.0029518221207103026,0.05800272299518225,0.055050900874471946
1,174,-0.0028966454244965453,0.058587555013896196,0.05569090958939965
1,175,-0.0029878339625691586,0.05766657826923133,0.05467874430666217
1,176,-0.004713045783716445,0.058406001615743816,0.05369295583202737
1,177,-0.0028688122917516073,0.05714088990758273,0.054272077615831124
1,178,-0.0044379666980792,0.05697877120269202,0.05254080450461282
1,179,-0.0035271702580849593,0.05880676294818071,0.055279592690095754
1,180,-0.0036315518582996226,0.05899718913301441,0.05536563727471479
1,181,-0.005510971377227954,0.05683201098262915,0.05132103960540119
1,182,-0.00387500842944849,0.05965682658473685,0.05578181815528836
1,183,-0.004844533646947334,0.057764993285224366,0.05292045963827703
1,184,-0.0034569956640721003,0.05775362892392938,0.05429663325985728
1,185,-0.0068778071711966746,0.05928833744091866,0.052410530269721985
1,186,-0.006171609206904599,0.05868871075281436,0.05251710154590976
1,187,-0.001758962987892021,0.05833892526861129,0.05657996228071927
1,188,-0.0014806964877340442,0.0568117261348955,0.05533102964716145
1,189,-0.004853009866867021,0.05805524487864694,0.05320223501177992
1,190,-0.0026157500290530378,0.05630241370800838,0.05368666367895534
1,191,-0.007581446336548968,0.05884149880767955,0.05126005247113058
1,192,-0.001090297143580464,0.05679193958979343,0.055701642446212965
1,193,-0.003739075507515184,0.05836227364395573,0.054623198136440544
1,194,-0.00626006951159265,0.06047032357511789,0.05421025406352524
1,195,-0.004175134296705706,0.05952565867990192,0.055350524383196216
1,196,-0.002401907028173271,0.05779309701785377,0.0553911899896805
1,197,-0.00390775052001531,0.05824633825962733,0.05433858773961202
1,198,-0.002629579416477859,0.0575086438402282,0.05487906442375034
1,199,-0.004179108411027213,0.05831611642979781,0.0541370080187706
1,200,-0.004655594570053413,0.056844981527455735,0.05218938695740232
1,201,-0.0008949594701604807,0.057660149983923326,0.056765190513762845
1,202,-0.00033244447568388236,0.0569141094005501,0.056581664924866215
1,203,-0.003807397895168714,0.05700254490447385,0.05319514700930514
1,204,-0.005459787950256582,0.06018498803603609,0.05472520008577951
1,205,-0.0047461571543524,0.05856137683831945,0.05381521968396705
1,206,-0.005211652922270965,0.05781331847219458,0.05260166554992361
1,207,-0.0066823259356359604,0.05759343437088699,0.050911108435251026
1,208,-0.0019396979954121318,0.0585403905473477,0.05660069255193557
1,209,-0.004242813535190126,0.056323596167412206,0.05208078263222208
1,210,-0.0054280712877673165,0.05862768991105352,0.053199618623286204
1,211,-0.0019270579174361785,0.05678860924624854,0.05486155132881236
1,212,-0.004994426798434225,0.058026615213272216,0.05303218841483799
1,213,-0.004286868212097825,0.05911804196478451,0.05483117375268669
1,214,-0.004488374649094191,0.05875163909636051,0.05426326444726632
1,215,-0.0006804830501197512,0.05785831651938704,0.05717783346926729
1,216,-0.004426481623636937,0.060463471877120506,0.05603699025348357
1,217,-0.0026176668931315525,0.05701627690179169,0.054398610008660135
1,218,-0.002894810068122672,0.058721034431904094,0.05582622436378142
1,219,-0.0033852655225726294,0.0574610260834329,0.05407576056086027
1,220,-0.0030009949086340845,0.05821579732320019,0.055214802414566104
1,221,-0.008111949989255428,0.06064685332638289,0.05253490333712746
1,222,-0.0030129335958148304,0.05750486098559805,0.05449192738978322
1,223,-0.003328562884240417,0.05927793508006257,0.055949372195822154
1,224,-0.004002142511092356,0.05727343898912096,0.053271296478028606
1,225,-0.005448508739484319,0.058619685535306484,0.053171176795822166
1,226,-0.0008071813294795935,0.05744024875365373,0.056633067424174136
1,227,-0.0012064823285392184,0.05811890704393884,0.056912424715399625
1,228,-0.00015782473105103306,0.05736974395365261,0.057211919222601576
1,229,0.00021161457638441128,0.05744541761489606,0.057657032191280475
1,230,-0.00304597016446765,0.058350530619067704,0.055304560454600055
1,231,-0.0028141900059079628,0.05683327868947098,0.05401908868356302
1,232,-0.0034883277581367264,0.059220557880315265,0.05573223012217854
1,233,-0.00515727051037293,0.05991774846067441,0.05476047795030148
1,234,-0.0016594622143256132,0.059449742394399124,0.05779028018007351
1,235,-0.0018742628854009277,0.05955768673963555,0.057683423854234625
1,236,-0.006798901288767728,0.05698865856991826,0.050189757281150535
1,237,-0.004075260914364651,0.05684519944807737,0.05276993853371272
1,238,-0.004455483124280291,0.05922287963876743,0.054767396514487136
1,239,-0.002902424174314709,0.05744960615297425,0.05454718197865954
1,240,-0.0035885160402816876,0.058319906458248784,0.054731390417967096
1,241,-0.0027541584374876915,0.05857227007635455,0.05581811163886686
1,242,-0.0024206347202669967,0.06021542885777768,0.05779479413751068
1,243,-0.005005822006699995,0.058903172874768275,0.05389735086806828
1,244,-0.0015946076100524509,0.056053652695145166,0.054459045085092715
1,245,-0.0027087403184917896,0.057318543948742494,0.054609803630250704
1,246,-0.006035122130710564,0.05981981846159155,0.05378469633088098
1,247,-0.003610100170010011,0.05884024903855724,0.05523014886854723
1,248,-0.007163330526411195,0.060330480362917875,0.05316714983650668
1,249,-0.003732721028444186,0.05935771887766606,0.055624997849221876
1,250,-0.0029365637782281517,0.05675663753615279,0.053820073757924636
1,251,-0.003036108255136921,0.05762233815145371,0.05458622989631679
1,252,-0.002985961196810681,0.0571470873792662,0.05416112618245552
1,253,-0.005588959614160394,0.0580065470693698,0.052417587455209406
1,254,-0.0038742802138407167,0.05888363973524781,0.05500935952140709
1,255,-0.0038680095352982627,0.05876897499981509,0.05490096546451683
1,256,-0.005240176424267433,0.05689549062673527,0.051655314202467835
1,257,-0.0014766472578392614,0.05534656938045434,0.05386992212261508
1,258,-0.004741301991704305,0.0569312444782635,0.05218994248655919
1,259,-0.002503081098083615,0.05796962865652131,0.0554665475584377
1,260,-0.0027012523594830765,0.05694117770436112,0.054239925344878044
1,261,-0.004360503405219762,0.0567586128083024,0.052398109403082635
1,262,-0.0027769526155487292,0.05610941190592865,0.05333245929037992
1,263,-0.0006420499914955302,0.05765964014880183,0.0570175901573063
1,264,-0.0025809455423598665,0.056993715743743026,0.05441277020138316
1,265,-0.0035703966785785926,0.05768120243442729,0.054110805755848694
1,266,-0.003704566105517351,0.05674702542131211,0.05304245931579476
1,267,-0.0026751547649365506,0.057688814821694245,0.055013660056757695
1,268,-0.004047262092652659,0.05778228641319109,0.05373502432053843
1,269,-0.006542208368094465,0.05924018354020133,0.052697975172106865
1,270,-0.002569794077444655,0.05595197126773072,0.05338217719028607
1,271,-0.004605619023151944,0.059071502039390496,0.05446588301623855
1,272,-0.0032518821807007436,0.0565619738823131,0.053310091701612355
1,273,-0.003702149110369056,0.05924447719404928,0.055542328083680224
1,274,-0.002837887784459793,0.056236324445732545,0.05339843666127275
1,275,-0.003120940610669927,0.05748034657614934,0.05435940596547941
1,276,-0.0032855049091509367,0.057260848683258994,0.05397534377410806
1,277,-0.0059398834913522575,0.05851637289904628,0.05257648940769402
1,278,-0.0029504947080439617,0.05778553297481451,0.054835038266770546
1,279,-0.0040184763973985585,0.0583430613214095,0.05432458492401094
1,280,-0.005569601161598402,0.059115918023952226,0.053546316862353824
1,281,0.0005628247572748019,0.0570988435853387,0.0576616683426135
1,282,-0.0022346416330123187,0.057967842681782906,0.05573320104877059
1,283,-0.004118234190544225,0.058112746244607494,0.05399451205406327
1,284,-0.007629040287679509,0.060928472985867344,0.053299432698187835
1,285,-0.00003368421374309871,0.05695401700438406,0.05692033279064096
1,286,-0.0008817407814587785,0.056828093146586135,0.05594635236512736
1,287,-0.007237156821694006,0.05857234690346392,0.05133519008176991
1,288,-0.0034824157622544982,0.05840061274858333,0.054918196986328834
1,289,-0.001708036954704277,0.05674537487487344,0.05503733792016916
1,290,-0.0026840988528259377,0.05746265893984686,0.05477856008702092
1,291,-0.005202919534781733,0.05882606074928821,0.053623141214506474
1,292,-0.003449170724528633,0.05810650506125611,0.054657334336727474
1,293,-0.004961520439492446,0.05889193434973574,0.053930413910243294
1,294,-0.0014723009924613728,0.05764800142840625,0.05617570043594488
1,295,-0.0014953248441552588,0.05898654229026113,0.05749121744610587
1,296,0.000014106230149163457,0.056665145785151715,0.05667925201530088
1,297,-0.005335347936836439,0.05766475830095891,0.05232941036412247
1,298,-0.001926823911960085,0.05667297276173867,0.05474614884977858
1,299,-0.0020849545188739785,0.05787419433239275,0.05578923981351877
1,300,0.001090927402871228,0.05603996580671488,0.05713089320958611
1,301,-0.0010221060452240624,0.05612008389500328,0.05509797784977922
1,302,-0.005858622723947729,0.05770741024373123,0.0518487875197835
1,303,-0.0031990225427584104,0.05864774315047873,0.05544872060772032
1,304,-0.0028666925580185104,0.05685499178999604,0.05398829923197753
1,305,-0.002191889669112032,0.057790878116953444,0.05559898844784141
1,306,-0.002815984205955309,0.058107589903319115,0.055291605697363806
1,307,-0.0028425017021695073,0.059659462160043454,0.05681696045787395
1,308,-0.00369735324994188,0.05755993534623133,0.05386258209628945
1,309,-0.0033733956202582002,0.05817614471084645,0.05480274909058825
1,310,-0.004440597821286876,0.05784708159381457,0.05340648377252769
1,311,-0.0036471620841691116,0.05875871218785046,0.05511155010368135
1,312,-0.002572129396957057,0.05812693254898813,0.055554803152031075
1,313,-0.006266203108200058,0.060338312240202314,0.054072109132002256
1,314,0.0006567190827806019,0.05660979492913356,0.05726651401191416
1,315,-0.005000030127322461,0.05784010424780117,0.05284007412047871
1,316,-0.0020326992698121993,0.05703255878861822,0.054999859518806024
1,317,-0.0041172579147286115,0.05594952992384469,0.05183227200911608
1,318,-0.005183463353654799,0.057854216685411894,0.052670753331757095
1,319,-0.004897882532613258,0.057819535636218965,0.052921653103605706
1,320,-0.0023959463328251177,0.05630931098845202,0.053913364655626905
1,321,-0.0022904163887831133,0.05919457356034162,0.05690415717155851
1,322,-0.002566055574174733,0.056521485009838376,0.05395542943566364
1,323,-0.007001731289738175,0.059703007618008584,0.05270127632827041
1,324,-0.0027505892146212282,0.05955922052988264,0.05680863131526141
1,325,-0.005851923086018729,0.05911107904311062,0.053259155957091894
1,326,-0.00351516172617735,0.05852011841298937,0.05500495668681202
1,327,-0.0014561115256697121,0.05842091048833252,0.05696479896266281
1,328,-0.007297105237768851,0.059284502038113786,0.051987396800344934
1,329,-0.0034542646129015753,0.05816778742104718,0.05471352280814561
1,330,-0.004352118965201185,0.05760458036821043,0.053252461403009245
1,331,-0.0024029482836788463,0.05855892470757499,0.056155976423896144
1,332,-0.006439415760889092,0.058119488612812985,0.05168007285192389
1,333,-0.0024097794428448657,0.05598440343746156,0.053574623994616696
1,334,-0.004234749683060604,0.058326856166414386,0.05409210648335378
1,335,-0.003480254723573495,0.057575766140519645,0.05409551141694615
1,336,-0.005416028581167041,0.06000222723428509,0.05458619865311805
1,337,-0.0043234444367696995,0.05740202487820779,0.05307858044143809
1,338,-0.0022290598629583006,0.0565937795373793,0.054364719674421
1,339,-0.003501958607112457,0.05784673272445053,0.054344774117338075
1,340,-0.0017382865938119427,0.05480849422755256,0.05307020763374062
1,341,-0.0011827636997541607,0.05610985736986071,0.05492709367010655
1,342,-0.005714277939457085,0.058844185452116476,0.05312990751265939
1,343,-0.002972683440035817,0.05697367947930433,0.054000996039268515
1,344,-0.004265186102818196,0.058378973283646954,0.05411378718082876
1,345,-0.0028318730616722146,0.05744991417837657,0.054618041116704354
1,346,-0.004134440923139068,0.058733560656703473,0.054599119733564405
1,347,-0.004894472848401846,0.058410483375860876,0.05351601052745903
1,348,-0.002038850697800243,0.05780150571906698,0.05576265502126674
1,349,-0.005127558063437142,0.05947712093264772,0.054349562869210576
1,350,-0.0028689754221034452,0.05921532957270134,0.0563463541505979
1,351,-0.004118332804335045,0.05883524758449801,0.05471691478016297
1,352,-0.0027861335242756885,0.05692394964189279,0.0541378161176171
1,353,-0.0026527569111943206,0.0589025442582184,0.05624978734702408
1,354,-0.004699084958053559,0.05824263836114427,0.05354355340309071
1,355,-0.002147553714176492,0.057929922208779475,0.05578236849460298
1,356,-0.005699771552226639,0.057860906961877075,0.052161135409650436
1,357,-0.002671684367494355,0.05830924461153432,0.055637560244039964
1,358,-0.0012024763780013187,0.056333648158630636,0.05513117178062932
1,359,-0.005500222828694591,0.0596261649401346,0.054125942111440006
1,360,-0.0016110609432714446,0.057312558761663475,0.05570149781839203
1,361,-0.0029637195340852795,0.05989626260041605,0.05693254306633077
1,362,-0.0022079376414013974,0.05698254837320921,0.05477461073180781
1,363,-0.005682893702549478,0.05808785724275305,0.052404963540203575
1,364,-0.00410239207671987,0.05737752923146992,0.05327513715475005
1,365,-0.0032362288954420615,0.05710998117990389,0.053873752284461826
1,366,-0.00295811973695264,0.058189184779289936,0.055231065042337296
1,367,-0.002106975689271179,0.05679196269646035,0.05468498700718917
1,368,-0.004275423642075095,0.05730972949424366,0.05303430585216856
1,369,-0.0047539634096034206,0.058752649860143634,0.05399868645054021
1,370,-0.003547484520340781,0.057671905871577604,0.05412442135123682
1,371,-0.004181148936261196,0.05825180212810412,0.05407065319184293
1,372,-0.006912648929655228,0.06077792723451768,0.05386527830486245
1,373,-0.0006698078499414728,0.055156735944632246,0.05448692809469077
1,374,-0.0027610591242642965,0.057578360801776786,0.05481730167751249
1,375,-0.00642708834176605,0.060058789630414215,0.053631701288648165
1,376,-0.0007113853073522705,0.05592805831866378,0.05521667301131151
1,377,-0.0008011570934651144,0.05812143851790797,0.05732028142444286
1,378,-0.001018938366364651,0.057697914153938934,0.05667897578757428
1,379,-0.004462487157594466,0.05756656369163611,0.053104076534041644
1,380,-0.004061429231896084,0.05787678042994559,0.053815351198049505
1,381,-0.004965404821339531,0.058735393377588735,0.053769988556249204
1,382,-0.001980932057623841,0.05657702059507174,0.0545960885374479
1,383,-0.0012102327900667537,0.05667061621450612,0.05546038342443937
1,384,-0.0032500650708281106,0.058669444945022034,0.05541937987419392
1,385,-0.005350573164472253,0.058138734962375364,0.05278816179790311
1,386,-0.002168612020076642,0.05599181865311628,0.05382320663303964
1,387,-0.004398250435771724,0.056562763997531254,0.05216451356175953
1,388,-0.003410344275040521,0.057473282236591476,0.054062937961550955
1,389,-0.0037740306691528835,0.057456348705232196,0.05368231803607931
1,390,-0.002976515125028681,0.057646048029159194,0.05466953290413051
1,391,-0.004156613612425426,0.05692230515891888,0.05276569154649345
1,392,-0.006213335499030956,0.059793775040855826,0.05358043954182487
1,393,-0.004634559099801393,0.057063128775950385,0.05242856967614899
1,394,-0.0059759066969850005,0.05690461230612678,0.050928705609141776
1,395,5.90128844614457e-6,0.055437239668904126,0.05544314095735027
1,396,0.0019645103186025914,0.05664579547384374,0.05861030579244633
1,397,-0.0029855056999994675,0.05795321130110721,0.054967705601107746
1,398,-0.0034521936908021855,0.058497716439900045,0.05504552274909786
1,399,-0.0042673927895614805,0.057556225165496674,0.053288832375935194
1,400,-0.005376241614205329,0.057633038715997176,0.052256797101791846
1,401,-0.0023559348370661426,0.05652561873747636,0.054169683900410215
1,402,-0.007129385179586639,0.05853425900010398,0.05140487382051734
1,403,-0.00197484968464242,0.0573045745627213,0.05532972487807888
1,404,-0.003653078639134215,0.05941195641940479,0.055758877780270576
1,405,-0.004122238058932512,0.05778082727185377,0.05365858921292126
1,406,-0.0015275942264627862,0.05672802345250738,0.055200429226044595
1,407,-0.004097980947928466,0.058546737106259114,0.05444875615833065
1,408,-0.003628025828971662,0.05749667459172235,0.05386864876275069
1,409,-0.004716177238761096,0.061541679770561054,0.05682550253179996
1,410,-0.0024056884018936325,0.055614108110103644,0.05320841970821001
1,411,-0.004912728105285216,0.058742271254316594,0.05382954314903138
1,412,-0.005713511268148175,0.058483743751427696,0.05277023248327952
1,413,-0.00405578444258789,0.05825841111245994,0.05420262666987205
1,414,-0.0031102282737530615,0.057509355305508006,0.054399127031754944
1,415,-0.003634799989875981,0.057470685532934815,0.053835885543058834
1,416,-0.0049758913785257,0.05818152487471528,0.05320563349618958
1,417,-0.0018135547305350719,0.057298583069271956,0.055485028338736885
1,418,-0.005355932843306342,0.05933085775221765,0.05397492490891131
1,419,-0.002377517192649954,0.05757613739661203,0.05519862020396207
1,420,-0.007269622347220957,0.061071983742038954,0.053802361394818
1,421,-0.0023750460625904316,0.05655036962084083,0.0541753235582504
1,422,-0.003373972675737434,0.05727832060132662,0.05390434792558919
1,423,-0.004539078725207181,0.059215416975452885,0.054676338250245704
1,424,-0.004543654751425784,0.05810354520810281,0.05355989045667703
1,425,-0.001307172862013907,0.05631917809360196,0.05501200523158805
1,426,-0.004885277978140125,0.05812454333885391,0.053239265360713786
1,427,-0.003128323880819038,0.05759196529714027,0.054463641416321235
1,428,-0.0042384332518936585,0.057991429686448666,0.05375299643455501
1,429,-0.003308520907251443,0.056245515429768723,0.05293699452251728
1,430,-0.0038081834650675536,0.05821422005761998,0.05440603659255243
1,431,-0.004041765076273483,0.05766808529964409,0.053626320223370605
1,432,-0.0038773012542154886,0.05806241190782855,0.05418511065361306
1,433,-0.002880362338102016,0.05835886193110153,0.05547849959299951
1,434,0.0005080884926942295,0.05666497889353691,0.05717306738623114
1,435,-0.003538810863602554,0.05742578831585296,0.053886977452250406
1,436,-0.00141269226802513,0.056825031811013324,0.055412339542988194
1,437,-0.006165244380614783,0.05962063958858817,0.053455395207973384
1,438,-0.0056445876456053395,0.059725216426847895,0.054080628781242555
1,439,-0.004751134743938408,0.05975323607576089,0.055002101331822484
1,440,-0.006775873176085856,0.0598272545119027,0.05305138133581684
1,441,-0.003896771269079294,0.058855707897179525,0.05495893662810023
1,442,-0.00037285385451759495,0.05632473329583031,0.05595187944131272
1,443,-0.005844990441992347,0.05902079127664318,0.05317580083465083
1,444,-0.005446340994860278,0.057734597427452274,0.052288256432591995
1,445,-0.0035615329283088457,0.05868281460966572,0.055121281681356875
1,446,-0.003055988193881587,0.05733123253907371,0.054275244345192125
1,447,-0.0031466952627883585,0.05671949317409335,0.05357279791130499
1,448,-0.003171096896609743,0.05734794108594447,0.05417684418933473
1,449,-0.004790774145535762,0.056591474462248874,0.05180070031671311
1,450,-0.0019515449779186622,0.05725412826760391,0.05530258328968525
1,451,-0.001423835638915058,0.05770168863804442,0.05627785299912936
1,452,-0.005341403528218512,0.058134991717698266,0.052793588189479754
1,453,-0.005425718303492227,0.05874591156402685,0.053320193260534623
1,454,-0.003104043042935316,0.05964175342190899,0.05653771037897368
1,455,-0.0011278002385351413,0.0566719736497078,0.05554417341117266
1,456,-0.004313199762612581,0.058594709761720466,0.054281509999107885
1,457,-0.003639324373048314,0.0592790795105593,0.05563975513751099
1,458,-0.0033949583261335056,0.057548602190316225,0.05415364386418272
1,459,-0.005400533801378712,0.058920562262007745,0.05352002846062903
1,460,-0.002099006760624328,0.057875808294312464,0.055776801533688136
1,461,-0.005176590065021254,0.05969837824504179,0.054521788180020535
1,462,-0.0025882965649366846,0.057815012792002185,0.0552267162270655
1,463,-0.002835651318527768,0.05764607322491052,0.05481042190638275
1,464,-0.005908448006219376,0.05825900884075367,0.05235056083453429
1,465,-0.004734956976364224,0.05860978595024481,0.05387482897388059
1,466,-0.007573644472248578,0.061014808985634265,0.05344116451338569
1,467,0.0005019658278207564,0.05787957807346325,0.05838154390128401
1,468,-0.006785043217112499,0.058402806076596196,0.0516177628594837
1,469,-0.003520674535016255,0.05624127471884754,0.05272060018383128
1,470,-0.0037863768101226505,0.05716320683072543,0.05337683002060278
1,471,-0.0026242310853622774,0.05640138423681029,0.053777153151448015
1,472,-0.005216336449249702,0.059334750243470444,0.05411841379422074
1,473,-0.0032233819079287296,0.05685190618762133,0.0536285242796926
1,474,-0.0048450732931748924,0.059901018228261084,0.05505594493508619
1,475,-0.002554035826651903,0.05758124478884876,0.05502720896219686
1,476,-0.002674403692440805,0.05814758951945809,0.05547318582701728
1,477,-0.003925514191615791,0.05665115424803744,0.05272564005642165
1,478,-0.004859543373865384,0.05863260142537706,0.053773058051511675
1,479,0.0006227364361253221,0.05480194215227461,0.05542467858839993
1,480,-0.002856886548007087,0.05643982598138404,0.053582939433376955
1,481,-0.00630844764811303,0.05914466339117107,0.05283621574305804
1,482,-0.0029359380125835305,0.05866449938939827,0.05572856137681474
1,483,-0.006124722721965389,0.05962358341433832,0.05349886069237293
1,484,-0.00576385380710942,0.057104004847789366,0.051340151040679946
1,485,-0.0024632901331581927,0.05800951920456152,0.05554622907140333
1,486,-0.003633256157359842,0.0581582776902429,0.05452502153288306
1,487,-0.0024175527631764837,0.05893927370554458,0.0565217209423681
1,488,-0.0029078628343447224,0.05866601610807533,0.055758153273730605
1,489,-0.0029941924002444484,0.05768013659954934,0.05468594419930489
1,490,-0.007208545487213822,0.058173714130002246,0.050965168642788425
1,491,-0.0027998918793646285,0.057568223109771284,0.054768331230406656
1,492,-0.005305995807756279,0.057077635495380016,0.05177163968762374
1,493,-0.003488381804562679,0.05656837699273671,0.05307999518817403
1,494,-0.006113455770091342,0.05841542907154498,0.05230197330145364
1,495,-0.0011882099531175874,0.05701971095375148,0.055831501000633894
1,496,-0.006222104453993772,0.0582561331314462,0.05203402867745243
1,497,-0.006226253525786707,0.05787801860605602,0.051651765080269314
1,498,-0.0028619461149901743,0.057130015926617136,0.05426806981162696
1,499,-0.005527574206706999,0.058681614675128335,0.053154040468421336
1,500,-0.0020469744809364712,0.05691862997436657,0.0548716554934301
1,501,-0.0033368207743700307,0.05802802441440181,0.05469120364003178
1,502,-0.0009576081292950248,0.05812788352227546,0.05717027539298043
1,503,-0.004276084147433537,0.05962864919078508,0.055352565043351544
1,504,-0.0069645929629594885,0.06087480050166824,0.05391020753870875
1,505,-0.003184842900315746,0.057146748472938436,0.05396190557262269
1,506,-0.0032951318077870453,0.056422244849798756,0.05312711304201171
1,507,-0.005813967753775948,0.06022989439309127,0.05441592663931532
1,508,-0.005209037802500441,0.056860561385621546,0.051651523583121105
1,509,-0.004069322438410565,0.057690366593947245,0.05362104415553668
1,510,-0.0007426646542061932,0.05679651901703169,0.0560538543628255
1,511,-0.0020544011523400893,0.056775845491821006,0.05472144433948092
1,512,-0.004600533279481268,0.05877503339244737,0.0541745001129661
1,513,-0.0008269151728818383,0.05617863038941682,0.05535171521653498
1,514,-0.005884412387173986,0.06051261228163639,0.0546281998944624
1,515,-0.004432434032647321,0.05757592450213438,0.05314349046948706
1,516,-0.0018731784178392247,0.0585744205075447,0.05670124208970548
1,517,-0.0037823428753062174,0.05725004668843849,0.053467703813132275
1,518,-0.004341598354793148,0.05806128265946503,0.05371968430467188
1,519,-0.005140195462711036,0.05867421023318186,0.053534014770470824
1,520,-0.004905673578518732,0.05726439480206774,0.05235872122354901
1,521,-0.0032912730871076656,0.058581625836699,0.055290352749591334
1,522,-0.0023236256753180265,0.0551208745940443,0.052797248918726274
1,523,-0.0014015009080989016,0.056104817152696024,0.05470331624459712
1,524,-0.004477040338805353,0.05700969186916789,0.05253265153036254
1,525,-0.005020767800218637,0.06003644501279897,0.055015677212580334
1,526,-0.0034512106050039945,0.060497400093990274,0.05704618948898628
1,527,-0.0035982833840356374,0.0583838900600711,0.054785606676035464
1,528,-0.0032095944346632113,0.05740313955531097,0.05419354512064776
1,529,-0.005626895981403958,0.059525038768880205,0.05389814278747625
1,530,-0.0007550317264787693,0.05627562137231271,0.055520589645833944
1,531,-0.0033155475932512904,0.05804190642368668,0.05472635883043539
1,532,-0.0029684251847973547,0.05709790580114821,0.05412948061635085
1,533,-0.005537014420903805,0.05967057555873,0.0541335611378262
1,534,-0.0017668974084999733,0.05688035233808597,0.055113454929586
1,535,-0.004325506879301118,0.058339015395174415,0.0540135085158733
1,536,-0.0038728270234399745,0.05930892042602999,0.055436093402590016
1,537,-0.00309559299349052,0.05727779222456024,0.05418219923106972
1,538,-0.003773923998217521,0.05727760568301314,0.05350368168479562
1,539,-0.0005879172206622665,0.055125211107868236,0.05453729388720597
1,540,-0.001875698683819281,0.057913416334545754,0.056037717650726473
1,541,-0.003153312003566562,0.05935802769635995,0.05620471569279339
1,542,-0.0031352971798065676,0.05733241326048937,0.054197116080682804
1,543,-0.002687520938103087,0.05710432250859705,0.054416801570493965
1,544,-0.0041240497727595,0.057035950883053646,0.052911901110294146
1,545,-0.004016743617367417,0.05933620639182597,0.05531946277445855
1,546,-0.0019860862018596173,0.057549645337186664,0.05556355913532705
1,547,-0.004870085432022012,0.058664768426276805,0.05379468299425479
1,548,-0.004018263827013403,0.058765554793022444,0.05474729096600904
1,549,-0.006325600172315066,0.05815014444619448,0.05182454427387941
1,550,-0.005373253330205309,0.059455116552483166,0.05408186322227786
1,551,0.000028984304785935333,0.05737263878475576,0.05740162308954169
1,552,-0.0036625363082128867,0.05683349139826008,0.05317095509004719
1,553,-0.003230270884142343,0.05708073008955365,0.05385045920541131
1,554,-0.002500102793882915,0.05878719793413174,0.05628709514024882
1,555,-0.0011833649986884992,0.05805083126894767,0.05686746627025917
1,556,-0.005626520179657618,0.057961128818975735,0.05233460863931812
1,557,-0.00528805642807921,0.05874694232460904,0.05345888589652983
1,558,0.0005354905852512845,0.05659262735935641,0.0571281179446077
1,559,-0.004139054830534915,0.05754512360498714,0.053406068774452226
1,560,-0.0037362663278263444,0.05723997693729988,0.05350371060947354
1,561,-0.0075190544022117126,0.05999408005714654,0.05247502565493483
1,562,-0.0014549208347924766,0.056746165822391066,0.05529124498759859
1,563,-0.004835185592504537,0.0589685553256567,0.054133369733152165
1,564,-0.004215063806258357,0.058377967141028136,0.05416290333476978
1,565,-0.006081087430944793,0.057769171629882106,0.05168808419893731
1,566,-0.0011771419080844267,0.055389953954533125,0.0542128120464487
1,567,-0.005965535058841988,0.05723150052669286,0.05126596546785087
1,568,-0.003485787833536938,0.05890735297326985,0.05542156513973291
1,569,-0.004595705497458302,0.05982526806985766,0.05522956257239936
1,570,-0.0029296905436356976,0.0596597821711117,0.056730091627476005
1,571,-0.0018072977573354437,0.0561551089832265,0.05434781122589106
1,572,-0.00363035707565678,0.05661968654022617,0.05298932946456939
1,573,-0.003459515362369936,0.05671888332030786,0.053259367957937925
1,574,-0.007566067364579994,0.05914863507534047,0.051582567710760474
1,575,-0.002292464534431979,0.058147303357545,0.05585483882311302
1,576,-0.00591960923496139,0.059332811324213044,0.053413202089251655
1,577,-0.002677945368194559,0.05691060862200156,0.054232663253807004
1,578,-0.002344374188767581,0.05751428204484937,0.055169907856081786
1,579,-0.002860965959986403,0.05783327688449007,0.054972310924503665
1,580,-0.005792432386095676,0.0585463092331845,0.05275387684708882
1,581,-0.0004738897747666171,0.05835278137082006,0.057878891596053444
1,582,-0.00761442662624328,0.059417909100630696,0.051803482474387416
1,583,-0.004484887700995553,0.05914704382158799,0.054662156120592435
1,584,-0.005711489509475691,0.05927908856256953,0.05356759905309384
1,585,-0.0026230364913092316,0.05720881098909256,0.054585774497783325
1,586,-0.0031449674139586506,0.057509498618656674,0.05436453120469802
1,587,-0.00430551723799566,0.05861984134885052,0.05431432411085486
1,588,-0.00046261971518792716,0.05662771841777151,0.056165098702583585
1,589,-0.0032083669054782313,0.057530366986078565,0.054322000080600334
1,590,-0.0018350938859300198,0.056441598013265835,0.054606504127335816
1,591,-0.00027454813116917914,0.05730263375774443,0.05702808562657525
1,592,-0.0016052035341268187,0.05764553394872223,0.05604033041459541
1,593,-0.0029105384162380135,0.05699730048134425,0.054086762065106236
1,594,-0.0033410787671660364,0.05877158810991916,0.05543050934275312
1,595,-0.0020250138687549213,0.05596796494501362,0.0539429510762587
1,596,-0.00029534559808188504,0.0563380778188826,0.056042732220800716
1,597,-0.002670760683882105,0.05966025113355635,0.056989490449674246
1,598,-0.0006773125902750296,0.05671432129365169,0.05603700870337666
1,599,-0.004842982389133811,0.05728274674455875,0.05243976435542494
1,600,-0.005093820089699962,0.05812158146691146,0.0530277613772115
1,601,-0.0020662140811189694,0.057529182738457516,0.055462968657338546
1,602,-0.0038386806451220223,0.05630453270882835,0.052465852063706325
1,603,-0.0025246737944886535,0.05601548201211557,0.05349080821762692
1,604,-0.003056713680804464,0.05818488052193867,0.0551281668411342
1,605,-0.004272344502665955,0.058749565179311444,0.05447722067664549
1,606,-0.00502742259666962,0.057988878853366135,0.052961456256696515
1,607,-0.002769471135260833,0.05808647742576615,0.055317006290505316
1,608,-0.0006569081914928124,0.057534290904520696,0.056877382713027884
1,609,-0.003016478539628914,0.05734979163754219,0.054333313097913276
1,610,-0.0013157426250933885,0.05558024046452505,0.054264497839431665
1,611,-0.004791621383580705,0.05901083568388504,0.05421921430030434
1,612,-0.0017053438106114302,0.05636846677638608,0.05466312296577465
1,613,-0.003583192842548537,0.057317888509415334,0.0537346956668668
1,614,-0.0034807581020748282,0.05986652606181928,0.056385767959744454
1,615,-0.0032092519364010086,0.058564968051573046,0.05535571611517204
1,616,-0.0031549774096339828,0.0581560959831045,0.055001118573470516
1,617,-0.005183000111005739,0.058402474658162395,0.053219474547156656
1,618,-0.0018027519413842605,0.05772697948856573,0.05592422754718147
1,619,-0.005418585244632769,0.058935502316561354,0.053516917071928585
1,620,-0.0031662367117238424,0.05875482185048772,0.05558858513876388
1,621,-0.003904844179556992,0.05814014967687466,0.05423530549731767
1,622,-0.0019902173317929983,0.05619866436700833,0.05420844703521533
1,623,-0.006869213868221188,0.058692574525652214,0.051823360657431025
1,624,-0.0068362136939327175,0.0600028259340938,0.05316661224016108
1,625,-0.001766002223134909,0.05547949192019083,0.05371348969705592
1,626,-0.002754674375748091,0.056594811089254855,0.053840136713506764
1,627,-0.0023161252977774577,0.05710262697151998,0.05478650167374252
1,628,-0.0014545679726454125,0.057737781276743345,0.05628321330409793
1,629,-0.004200272694242724,0.05829796852596575,0.054097695831723025
1,630,-0.0039060728460463684,0.05684151296535175,0.05293544011930538
1,631,-0.004244869973215423,0.05982722516186244,0.055582355188647015
1,632,-0.0041480688161782756,0.058192124766720574,0.0540440559505423
1,633,-0.00155208559709831,0.05744983010095601,0.0558977445038577
1,634,-0.0027102551594132204,0.0581587136798485,0.05544845852043528
1,635,-0.0033944745713885005,0.058170281379976096,0.054775806808587596
1,636,-0.0026389589579738706,0.057956510666915914,0.055317551708942043
1,637,-0.0045633468398812785,0.05839106767954918,0.0538277208396679
1,638,-0.0017141805038919586,0.05832015391278222,0.05660597340889026
1,639,-0.0046953442010087,0.05858704097009682,0.05389169676908812
1,640,-0.004835587621804145,0.05813304507862149,0.05329745745681735
1,641,-0.004798794946482145,0.05726847833401147,0.052469683387529324
1,642,-0.00011503799573888557,0.058053549423769876,0.05793851142803099
1,643,-0.003876612748437376,0.05678240889469206,0.05290579614625469
1,644,-0.0026090979034492506,0.0574853335013588,0.05487623559790955
1,645,-0.006347379724425499,0.059448963677607464,0.053101583953181965
1,646,-0.0033381502123279033,0.058711488578664525,0.05537333836633662
1,647,0.0003044823848053213,0.056069720827962195,0.05637420321276752
1,648,-0.0036645188707389656,0.05803293259120247,0.054368413720463506
1,649,-0.002191578273745061,0.05703552075273564,0.054843942478990576
1,650,-0.004993810774898487,0.05892481880887129,0.053931008033972806
1,651,-0.0011685820763322821,0.05783353068861271,0.05666494861228043
1,652,-0.0035299123371074284,0.05774634891387476,0.05421643657676733
1,653,-0.0075351487834203965,0.058706707159047744,0.05117155837562735
1,654,-0.002695242728262076,0.05710521220328951,0.054409969475027437
1,655,-0.0015496674710354652,0.05801598505986118,0.05646631758882571
1,656,-0.004140997546150764,0.05831271210643159,0.054171714560280824
1,657,-0.005577260199025144,0.060718081261566866,0.05514082106254172
1,658,-0.003575700611568297,0.057364846999733446,0.05378914638816515
1,659,-0.0000504076018718394,0.05639715879231541,0.05634675119044357
1,660,-0.0025414447119288947,0.058518828929816843,0.05597738421788795
1,661,-0.003335020658189747,0.05818317155200367,0.054848150893813924
1,662,-0.002082484826295611,0.059345267658712404,0.05726278283241679
1,663,-0.0037558663031326614,0.05906359786638156,0.0553077315632489
1,664,-0.001538901139727683,0.05691073096824965,0.055371829828521964
1,665,-0.004093511496990013,0.057754720588491154,0.05366120909150114
1,666,-0.0068182455640487735,0.05931252859558204,0.052494283031533265
1,667,-0.002567016596377751,0.05717773504538171,0.05461071844900396
1,668,-0.004930289022539974,0.05807959769559263,0.053149308673052655
1,669,-0.0038885513839407027,0.05943955773234177,0.055551006348401065
1,670,-0.0006797186885292225,0.05710866378773297,0.05642894509920375
1,671,-0.0033680384136734326,0.058041677829648496,0.05467363941597506
1,672,-0.003235656652268014,0.057099183025145446,0.05386352637287743
1,673,-0.005678380028841905,0.05998208852053171,0.054303708491689806
1,674,-0.0015646997102738008,0.05903746210523738,0.05747276239496358
1,675,-0.0013045499649739778,0.05594676673443047,0.05464221676945649
1,676,-0.0012145812030181918,0.056405212206083674,0.05519063100306548
1,677,-0.0025093993188956276,0.05766054361467722,0.05515114429578159
1,678,-0.004290562323341907,0.05828260402870478,0.05399204170536288
1,679,-0.005897998300494742,0.06056120178305218,0.05466320348255744
1,680,-0.00041964375030897894,0.05705129779669004,0.05663165404638106
1,681,-0.006836074101871786,0.05716004933120317,0.05032397522933138
1,682,-0.003805398327644073,0.05840593527241515,0.05460053694477108
1,683,0.0008643579856019018,0.05488368225296585,0.055748040238567755
1,684,-0.004195809172860061,0.05824789822459597,0.05405208905173591
1,685,-0.004829275202998702,0.05777435896390627,0.05294508376090757
1,686,-0.004883602296262467,0.05776102344400579,0.052877421147743325
1,687,-0.004303956648482023,0.05785829354992733,0.05355433690144531
1,688,-0.002009347137152534,0.05681468156020926,0.054805334423056726
1,689,-0.0050178595211518295,0.058795802605054806,0.053777943083902977
1,690,-0.0032572720243348105,0.059168329818667514,0.055911057794332704
1,691,-0.005147509970907661,0.06003741393096193,0.05488990396005427
1,692,-0.0027527011568794224,0.05806070996117484,0.05530800880429542
1,693,-0.0024484701017746108,0.05748612986256546,0.05503765976079085
1,694,-0.004082181726284877,0.05828167153171019,0.05419948980542531
1,695,-0.0016247490356145963,0.056975722164058946,0.05535097312844435
1,696,-0.0031861207612951803,0.05818766406162743,0.05500154330033225
1,697,-0.004587624520936376,0.058519774783184625,0.05393215026224825
1,698,-0.0028879171185189623,0.05841178334109076,0.0555238662225718
1,699,-0.002651856200454668,0.05802261421192116,0.055370758011466494
1,700,-0.004052398078672359,0.058378667103136876,0.05432626902446452
1,701,-0.0030251417733015845,0.05642255642744372,0.053397414654142134
1,702,-0.002563424254360812,0.056359583520748206,0.053796159266387394
1,703,-0.0003595314675501962,0.056448747925269424,0.05608921645771923
1,704,-0.004432857903357401,0.05764125748729573,0.05320839958393833
1,705,-0.0025835434546403746,0.05887459821901769,0.05629105476437732
1,706,-0.0038753692810753054,0.05721740020656623,0.053342030925490926
1,707,-0.0035649197804083835,0.05834709557083717,0.05478217579042879
1,708,-0.0016568412121290496,0.05691117790033111,0.05525433668820206
1,709,-0.004687660352880665,0.05768498212788134,0.052997321775000675
1,710,-0.0021849555546824134,0.05793901555256082,0.05575405999787841
1,711,-0.0023535879521010133,0.0570534602039811,0.05469987225188009
1,712,-0.002794263848333138,0.05743947103547869,0.05464520718714555
1,713,-0.0014605287870589345,0.05705138263515147,0.055590853848092536
1,714,-0.0034615685321071205,0.057966843575208614,0.05450527504310149
1,715,-0.0008927215934190907,0.05611229208797946,0.05521957049456037
1,716,-0.001746918424216863,0.0569851736608604,0.05523825523664354
1,717,-0.0018110153868770365,0.057131419879597654,0.05532040449272062
1,718,0.00024999882809826485,0.05530810574626735,0.055558104574365615
1,719,-0.004237173441840263,0.06019847621871843,0.05596130277687817
1,720,-0.004769269237495245,0.05827965408411224,0.05351038484661699
1,721,-0.00440406864059141,0.05735771470356875,0.05295364606297734
1,722,-0.003165752218917052,0.056376963413384905,0.05321121119446785
1,723,-0.003276760396054172,0.0587491067234681,0.05547234632741393
1,724,-0.005167004236432675,0.05907388705727915,0.05390688282084648
1,725,-0.0025661484157769726,0.05664231564214107,0.054076167226364096
1,726,-0.0035957843466516565,0.05622671176412355,0.05263092741747189
1,727,-0.00666516702304408,0.05907613230299741,0.05241096527995333
1,728,-0.006389262228967081,0.05911030506268087,0.05272104283371379
1,729,-0.003658432668456932,0.05823043550197022,0.05457200283351329
1,730,-0.0017653167894439506,0.05665668743498087,0.05489137064553692
1,731,-0.005851770630681499,0.05861549032368821,0.05276371969300671
1,732,-0.0036555229885947074,0.05860695781655596,0.054951434827961256
1,733,-0.002213200701693431,0.05644743412655317,0.05423423342485974
1,734,-0.001923705072591049,0.056874025584846645,0.054950320512255596
1,735,-0.006473015120213706,0.05933516678139407,0.052862151661180364
1,736,-0.001785933042936269,0.05656035143372703,0.05477441839079076
1,737,-0.0014580002336549852,0.0563156755163647,0.05485767528270971
1,738,-0.0063521882485378725,0.059349691059105404,0.05299750281056753
1,739,-0.001781755909776854,0.05694898826177947,0.05516723235200262
1,740,-0.006904176363226273,0.058840276722098475,0.0519361003588722
1,741,-0.0028837560483932004,0.0576409488714502,0.054757192823057
1,742,-0.002654967038155369,0.05836930175376607,0.0557143347156107
1,743,-0.003049365375740437,0.0586360422376693,0.05558667686192886
1,744,-0.005275677171341184,0.058338924864655466,0.05306324769331428
1,745,-0.0022886676561630834,0.05668534349710174,0.05439667584093866
1,746,-0.0035165084214605277,0.057179804126630394,0.05366329570516987
1,747,-0.005832532951874317,0.057588004105544856,0.05175547115367054
1,748,-0.004294356441749268,0.057321833784618526,0.05302747734286926
1,749,-0.0049075655591164155,0.05875762126895834,0.05385005570984192
1,750,-0.0035276373857374907,0.05663358496468742,0.05310594757894993
1,751,-0.0036569790412098874,0.0573929423817416,0.05373596334053171
1,752,-0.0018723933790052438,0.05773014656211467,0.055857753183109426
1,753,-0.002452722480434294,0.05688458103141465,0.05443185855098036
1,754,-0.002256255121535322,0.05777897757331077,0.05552272245177545
1,755,-0.0018890932684854436,0.056427191127974,0.05453809785948856
1,756,-0.00468645172798117,0.05815206108754994,0.05346560935956877
1,757,-0.0034693848259344934,0.05830886341822397,0.05483947859228948
1,758,-0.0031883783502962143,0.05819276816280793,0.05500438981251172
1,759,-0.003958953138173481,0.05834496313729172,0.05438600999911824
1,760,-0.003406024800224533,0.05789336102041853,0.054487336220194
1,761,-0.002155820411854102,0.05706781147250367,0.05491199106064957
1,762,-0.0025700030332919746,0.058025710821562604,0.05545570778827063
1,763,-0.00396839343591085,0.058713721010631735,0.054745327574720885
1,764,-0.003659993377180086,0.05848856383271614,0.05482857045553605
1,765,-0.005163684315112507,0.05923311985109032,0.05406943553597781
1,766,-0.0016804054612343869,0.05838761010457558,0.05670720464334119
1,767,-0.004882304128232998,0.05749816528905899,0.05261586116082599
1,768,0.0009763114084899022,0.05635003712024671,0.05732634852873661
1,769,-0.004264524061535588,0.05865025255132196,0.05438572848978637
1,770,-0.00211702319715755,0.05762665951085995,0.0555096363137024
1,771,-0.0037849467970011846,0.05884373648042475,0.055058789683423565
1,772,-0.0019757367141118864,0.05567025322583931,0.05369451651172742
1,773,-0.004158979266387905,0.05867359937475981,0.05451462010837191
1,774,-0.002773675087046318,0.055897364750105004,0.053123689663058686
1,775,-0.005975879549070723,0.06055616068796585,0.054580281138895126
1,776,-0.005903568265694888,0.058508527151765535,0.05260495888607065
1,777,-0.0019324605185496307,0.05949743502161673,0.0575649745030671
1,778,-0.004205164123961429,0.05789713099141055,0.05369196686744912
1,779,-0.0030481264457689547,0.05745518595866135,0.054407059512892396
1,780,-0.001180668157638995,0.057407160323272644,0.05622649216563365
1,781,-0.005546629323319598,0.06035237230698527,0.054805742983665674
1,782,-0.002983543517781531,0.057794221773476116,0.054810678255694585
1,783,-0.0022966575427947958,0.05679589830270841,0.054499240759913616
1,784,-0.003510291913422482,0.05913266603997486,0.055622374126552375
1,785,-0.0044411270211107134,0.058074720935827356,0.05363359391471664
1,786,-0.002850992525325065,0.05754896084873789,0.054697968323412824
1,787,-0.0004950293588970658,0.05557165147445239,0.05507662211555532
1,788,-0.005301006719690707,0.0571662325382362,0.051865225818545496
1,789,-0.005511530028192227,0.05988319961285592,0.05437166958466369
1,790,-0.005029355990908611,0.058427348526251956,0.053397992535343344
1,791,-0.004603488452419743,0.058188999862202884,0.05358551140978314
1,792,-0.005820556155551125,0.05988604483039699,0.05406548867484586
1,793,-0.001659644546138525,0.056718605837223816,0.05505896129108529
1,794,-0.004100607788544673,0.05821179392004355,0.05411118613149888
1,795,-0.0013434044216583396,0.057422540731273584,0.056079136309615245
1,796,-0.0018968978668620975,0.0567386249538323,0.0548417270869702
1,797,-0.005346783773557441,0.058937255476961825,0.053590471703404384
1,798,-0.0009968131818168455,0.055508676354359944,0.0545118631725431
1,799,-0.0010313154203984085,0.057148547703908543,0.056117232283510135
1,800,-0.00592242811209568,0.06010815506893068,0.054185726956835
1,801,-0.004894401001519125,0.058450050391573916,0.05355564939005479
1,802,-0.003690759202855616,0.057297026621381544,0.05360626741852593
1,803,0.0004890630876077662,0.056460578620406404,0.05694964170801417
1,804,-0.004396018228270709,0.0587630032486392,0.05436698502036849
1,805,-0.002542727598650159,0.05600850092759393,0.05346577332894377
1,806,-0.002650130490770654,0.05714859846625768,0.054498467975487026
1,807,-0.006598970272844819,0.06070074688849357,0.05410177661564875
1,808,-0.002496600659827798,0.057666552235591854,0.055169951575764056
1,809,-0.004007539498059154,0.05803430412829645,0.0540267646302373
1,810,-0.0023616425397345042,0.057347671521430554,0.05498602898169605
1,811,-0.00570642515232038,0.05827900510975519,0.05257257995743481
1,812,-0.00009796909460607628,0.05732342849984694,0.05722545940524086
1,813,-0.0034182745823306895,0.056684705759267984,0.053266431176937294
1,814,-0.0038590787605626634,0.058546786191795014,0.05468770743123235
1,815,-0.0026987213881658687,0.05908262062961649,0.056383899241450625
1,816,-0.00439935073088335,0.058069792318282076,0.053670441587398726
1,817,-0.004950445647598049,0.059423433174351996,0.054472987526753947
1,818,-0.0017553873694947028,0.057261282669173574,0.05550589529967887
1,819,-0.006854654122185236,0.0587004937867714,0.05184583966458616
1,820,-0.004770610584684823,0.05712558875033907,0.052354978165654244
1,821,-0.005838133623522715,0.059118579336176647,0.05328044571265393
1,822,0.00009624290811079822,0.05557670840236957,0.05567295131048037
1,823,-0.005109895664715584,0.05789071626149248,0.0527808205967769
1,824,-0.002694929836095601,0.057679872115580726,0.054984942279485124
1,825,-0.005104330548355442,0.057493395965707274,0.05238906541735183
1,826,-0.002908874046587996,0.06000375959154411,0.05709488554495611
1,827,-0.006073932449586976,0.05802490485489249,0.051950972405305516
1,828,-0.0002761555548284611,0.057249364116841894,0.05697320856201343
1,829,-0.0049483309588244095,0.060323431004031966,0.055375100045207556
1,830,-0.002111898414793298,0.05640351099587705,0.054291612581083754
1,831,-0.0038765963272054046,0.05856293086214221,0.054686334534936806
1,832,-0.0019300295619787758,0.057712666375440015,0.05578263681346124
1,833,-0.0029662484089114025,0.056994642366157554,0.05402839395724615
1,834,-0.00388953250201559,0.0585057458021407,0.05461621330012511
1,835,-0.0038554889806034012,0.057705555428460065,0.05385006644785666
1,836,-0.0038574852794423034,0.05756364605265412,0.05370616077321182
1,837,-0.003083580966445093,0.05768172459378422,0.05459814362733913
1,838,-0.006052058891202992,0.05814215669432563,0.05209009780312264
1,839,-0.003228264923294484,0.057490578541325756,0.05426231361803127
1,840,-0.0014917225735069858,0.05701051456690945,0.05551879199340246
1,841,-0.002871363090286079,0.056136524527006855,0.053265161436720776
1,842,-0.004726843824143387,0.05748252905073569,0.052755685226592304
1,843,-0.0035767116653461564,0.05832409723215518,0.054747385566809026
1,844,-0.0062236372182175245,0.05825887192039761,0.052035234702180085
1,845,-0.005482180838618719,0.060101973971330006,0.054619793132711286
1,846,-0.0036460641567141183,0.05665148700052882,0.0530054228438147
1,847,-0.0038145997149242952,0.05636662925033047,0.05255202953540618
1,848,-0.005275807204614548,0.05910396708534731,0.053828159880732765
1,849,-0.00017788333172440857,0.057582958129138294,0.057405074797413885
1,850,-0.001852675019908774,0.05907047775913537,0.057217802739226595
1,851,-0.00521882849444797,0.05817845109491405,0.05295962260046608
1,852,-0.00521882849444797,0.05817845109491405,0.05295962260046608
1,853,-0.0032819976358863107,0.059333730546100055,0.056051732910213745
1,854,-0.00267683205537593,0.057905080732267425,0.055228248676891495
1,855,-0.0015656870580195506,0.05733478904544086,0.05576910198742131
1,856,-0.005840855488788356,0.05747815890009245,0.0516373034113041
1,857,-0.0022533516473793314,0.05829162986628685,0.05603827821890752
1,858,-0.005379293476266145,0.05844923148815244,0.053069938011886295
1,859,-0.004632418505528514,0.05895711894562494,0.05432470044009643
1,860,-0.00500950961708585,0.05880826889308269,0.05379875927599684
1,861,-0.0019483655151411317,0.055724939704676395,0.05377657418953526
1,862,-0.0009152209223094454,0.05590088117108472,0.05498566024877528
1,863,-0.0029719457703826363,0.057657763946765195,0.05468581817638256
1,864,-0.0028011046983606666,0.05617111903693441,0.053370014338573746
1,865,-0.006517971654785452,0.05854419023670526,0.05202621858191981
1,866,-0.0036916616472834757,0.05790684509504448,0.054215183447761
1,867,-0.00027239090808326566,0.0573566359980543,0.057084245089971036
1,868,-0.005705862718013689,0.05928848019327427,0.05358261747526058
1,869,-0.00401661577692497,0.05776670726626253,0.05375009148933756
1,870,-0.004780022480497442,0.057412749703761735,0.05263272722326429
1,871,-0.002915333367248335,0.05724412161750878,0.05432878825026045
1,872,-0.003488845255884311,0.05887657510803663,0.05538772985215232
1,873,-0.002661539142135301,0.05898941446818674,0.05632787532605144
1,874,-0.004631455472339549,0.05743166673528422,0.05280021126294467
1,875,-0.0035294855642527267,0.0576371396088895,0.05410765404463677
1,876,-0.002630619541570331,0.05861419735657154,0.05598357781500121
1,877,-0.0019788245649395644,0.056603437235778035,0.05462461267083847
1,878,-0.0067097900389880075,0.059215744485875334,0.052505954446887326
1,879,-0.002867118395668937,0.057809045495346496,0.05494192709967756
1,880,-0.007982449617420811,0.05987177586857995,0.05188932625115914
1,881,0.001034638152631745,0.05624433114570007,0.05727896929833182
1,882,-0.004295291075341261,0.058942243392706165,0.054646952317364904
1,883,-0.0039063937931823126,0.057517863689667055,0.05361146989648474
1,884,-0.005136119141294894,0.05899733477364066,0.05386121563234576
1,885,-0.003585885307210608,0.05724758997590895,0.053661704668698344
1,886,-0.00046275570262004767,0.05630118794584855,0.0558384322432285
1,887,-0.004491645575182321,0.057607445702217215,0.053115800127034894
1,888,-0.0030407001332354577,0.0567410375045022,0.05370033737126674
1,889,-0.0035414793204856868,0.058610593764911435,0.05506911444442575
1,890,-0.00041833077713122196,0.055148801498963326,0.054730470721832104
1,891,-0.005073133581385933,0.05655711324620325,0.05148397966481732
1,892,-0.0035968797390524485,0.05679906141401894,0.053202181674966494
1,893,-0.002882249539442071,0.05645143858168639,0.05356918904224432
1,894,-0.005019643060910288,0.05914111819137121,0.05412147513046092
1,895,-0.00071652928978376,0.0571382321077012,0.05642170281791744
1,896,-0.0021617432008615226,0.057449377169545755,0.05528763396868423
1,897,-0.0028932269899297758,0.05641101999894321,0.05351779300901344
1,898,-0.00556423863307183,0.058831572818287034,0.053267334185215204
1,899,-0.0023903234443650306,0.05728810654535572,0.05489778310099069
1,900,-0.003856697963501597,0.057207284961917355,0.05335058699841576
1,901,-0.0027973569443781737,0.05779955754719957,0.0550022006028214
1,902,-0.0031649029292060357,0.058905086662083044,0.05574018373287701
1,903,-0.0030763845275839155,0.058683173934621836,0.05560678940703792
1,904,-0.0033518902737456613,0.05691214371040693,0.05356025343666127
1,905,-0.003952323944569867,0.05983350765884544,0.05588118371427557
1,906,-0.006040631390884482,0.059284367769742684,0.0532437363788582
1,907,-0.0028825693740601177,0.05804518206933082,0.0551626126952707
1,908,-0.004310791426712347,0.057582473366607774,0.05327168193989543
1,909,-0.003952206075675396,0.059066982729291485,0.05511477665361609
1,910,-0.0038398728714844482,0.05883980453950183,0.05499993166801738
1,911,-0.003321026291335398,0.05800298382670719,0.05468195753537179
1,912,-0.007160755232077931,0.059259295989245786,0.052098540757167855
1,913,-0.006833244940315744,0.05969798790364531,0.05286474296332957
1,914,-0.0022300295431036607,0.05688406818315931,0.05465403864005565
1,915,-0.0017423106330673524,0.05641002696662417,0.05466771633355682
1,916,-0.0036092708000513216,0.055733956703764694,0.05212468590371337
1,917,-0.002065653559429677,0.05714004042678697,0.05507438686735729
1,918,-0.00627846705084073,0.058515672351968154,0.05223720530112742
1,919,-0.003068329204028948,0.05715772373699645,0.0540893945329675
1,920,-0.003023180106174389,0.057089063036580054,0.054065882930405665
1,921,-0.0012771029477692125,0.05770124066481736,0.05642413771704815
1,922,-0.0028510581084543116,0.056473502104389846,0.053622443995935534
1,923,-0.0019233820189628048,0.057008081593837724,0.05508469957487492
1,924,-0.003057594367494511,0.058039063507051,0.05498146913955649
1,925,0.0001537037257943255,0.05780007237424421,0.05795377610003854
1,926,-0.0028392190711344356,0.05543833086408418,0.052599111792949745
1,927,-0.0033946641640496197,0.05830035289371922,0.054905688729669604
1,928,-0.001491540037389251,0.058254032113955516,0.056762492076566265
1,929,-0.003594889948696285,0.055939758628900785,0.0523448686802045
1,930,-0.002984759951503546,0.05952010001934586,0.05653534006784231
1,931,-0.005737639988730274,0.058770621561600504,0.05303298157287023
1,932,-0.0038966459677848356,0.05822352953068898,0.054326883562904146
1,933,-0.0038124845572101787,0.057693688218417125,0.053881203661206946
1,934,-0.00462306874491334,0.05626053828477191,0.05163746953985857
1,935,-0.004531824251824988,0.056777024512987564,0.052245200261162576
1,936,-0.00006822720673285015,0.05644367211415344,0.05637544490742059
1,937,0.001542910740227027,0.05656080446926347,0.058103715209490495
1,938,-0.004307376816940232,0.058933018276747004,0.05462564145980677
1,939,-0.0029326222485935236,0.05708207660521134,0.05414945435661782
1,940,-0.005594211858100079,0.05985168180190862,0.05425746994380854
1,941,-0.006011358927570966,0.0584671043221004,0.052455745394529435
1,942,-0.0032132761576059987,0.05765338198193944,0.054440105824333444
1,943,-0.0041084483561648275,0.061021700445942434,0.056913252089777606
1,944,-0.004551752000058661,0.058330903315821185,0.053779151315762524
1,945,-0.0037172178264380865,0.05701341010283278,0.05329619227639469
1,946,0.0005682850376954249,0.05638717809773148,0.056955463135426904
1,947,-0.005525048788072397,0.05787826441436522,0.052353215626292825
1,948,-0.0007619979158648427,0.05685763534429456,0.05609563742842972
1,949,-0.004553995441266265,0.05892696553289541,0.05437297009162915
1,950,-0.0017009165602905815,0.05760897478848003,0.05590805822818945
1,951,0.000882138954778483,0.057103864839117495,0.05798600379389598
1,952,-0.004874343970134011,0.05813126714335868,0.05325692317322467
1,953,-0.0037705915904440376,0.05787110961927641,0.054100518028832374
1,954,-0.0059696694438247586,0.0592887154328234,0.05331904598899864
1,955,-0.001979707459365744,0.05717912330591964,0.0551994158465539
1,956,-0.0010848211356954546,0.0573895909578031,0.05630476982210764
1,957,-0.0017008354268101822,0.05682881414009464,0.05512797871328446
1,958,-0.0004107273158340738,0.05558975509916133,0.055179027783327256
1,959,-0.005665370757652541,0.058303057778797955,0.052637687021145414
1,960,-0.004861243481858894,0.05880109965681781,0.05393985617495892
1,961,-0.003613809876778215,0.05631485857691805,0.052701048700139835
1,962,-0.0031501090408673563,0.05932698184869465,0.056176872807827294
1,963,-0.0022839026925260478,0.0581473536109214,0.055863450918395355
1,964,-0.003944812961292836,0.05953163326314973,0.055586820301856896
1,965,-0.004290312654964129,0.059246139434116094,0.054955826779151964
1,966,-0.0029347125011583916,0.05710465266197114,0.05416994016081275
1,967,-0.0020389340424532693,0.056769098476029865,0.054730164433576596
1,968,-0.003422252394040523,0.05893642759769936,0.05551417520365884
1,969,-0.003352195212498091,0.0578897677394552,0.05453757252695711
1,970,-0.004741237471486359,0.05924694957256421,0.05450571210107785
1,971,-0.0035096766792131265,0.0572901338101707,0.053780457130957575
1,972,-0.0027026519161870086,0.05727426464556584,0.054571612729378834
1,973,-0.006324729330217972,0.05813947554577338,0.05181474621555541
1,974,-0.005124119658633859,0.05686547464501092,0.05174135498637706
1,975,-0.003275443073489516,0.05683815342042754,0.053562710346938026
1,976,-0.0029958271690013333,0.058653405836322975,0.05565757866732164
1,977,-0.0015812989412224837,0.057448557236147196,0.05586725829492471
1,978,-0.005716323260493733,0.05777628138021628,0.05205995811972255
1,979,-0.0061922994807134535,0.05771539711008675,0.05152309762937329
1,980,-0.0054318589510231816,0.05837817882400173,0.05294631987297855
1,981,-0.005241372671909446,0.05923163321743686,0.05399026054552741
1,982,-0.003993732166762215,0.058741187699140995,0.05474745553237878
1,983,0.001724392582275594,0.05463928708291748,0.056363679665193074
1,984,-0.0019945799016673274,0.05701158740266064,0.055017007500993316
1,985,-0.004533182851623657,0.059246840556192414,0.054713657704568756
1,986,-0.0010393611800813204,0.05742748701672957,0.05638812583664825
1,987,-0.006168169364462565,0.0576696681357861,0.05150149877132353
1,988,-0.004800807046237615,0.0599934151058815,0.055192608059643884
1,989,-0.0029324320989553773,0.058899461583093254,0.05596702948413788
1,990,-0.004569617736107416,0.05971921848429967,0.05514960074819225
1,991,-0.004971741042888778,0.05797197858933611,0.05300023754644733
1,992,-0.003060253854597614,0.057291588152984525,0.05423133429838691
1,993,-0.005961406888440608,0.05761499928040146,0.05165359239196085
1,994,-0.004599745748515238,0.057386971973050926,0.05278722622453569
1,995,-0.003069548629090188,0.0579665546024239,0.05489700597333371
1,996,-0.004281046147872933,0.05879665416488893,0.054515608017016
1,997,-0.004628137870489754,0.05710646468140842,0.052478326810918664
1,998,-0.002697014872877601,0.05812592586194655,0.05542891098906895
1,999,-0.006138782316824992,0.058099022591556276,0.051960240274731284
2,0,-0.0047743243950665384,0.05785632772370321,0.05308200332863667
2,1,-0.007888991812273774,0.05993747650916958,0.052048484696895804
2,2,-0.00164034857414138,0.05644244841623256,0.05480209984209118
2,3,-0.003812491253551306,0.058992355182282394,0.05517986392873109
2,4,-0.0013465058878673122,0.057077282086876936,0.055730776199009624
2,5,-0.001032336696746336,0.05673839252135639,0.05570605582461005
2,6,-0.003086100531284268,0.05733186031469304,0.05424575978340877
2,7,-0.0010987411230695687,0.05834177759779589,0.05724303647472632
2,8,-0.004955092687541303,0.058722501871664265,0.05376740918412296
2,9,-0.003388615515299259,0.0568767460197081,0.05348813050440884
2,10,-0.004855562533850319,0.05742656925993483,0.05257100672608451
2,11,-0.00427706712542722,0.05842503836534727,0.05414797123992005
2,12,-0.00421343585955522,0.0587931226471835,0.05457968678762828
2,13,-0.0026536248217134684,0.057397123699942855,0.05474349887822939
2,14,-0.007893162627089237,0.05798039776705698,0.050087235139967747
2,15,-0.002331990401094809,0.05742978005340547,0.05509778965231066
2,16,-0.003792391383120604,0.058824768095744426,0.05503237671262382
2,17,-0.002590313170436717,0.05811102527739248,0.055520712106955764
2,18,-0.005459264877580659,0.05995431452296957,0.05449504964538891
2,19,-0.0028815558935457244,0.05641942533231163,0.05353786943876591
2,20,-0.0011184025327631991,0.05652808412020118,0.05540968158743798
2,21,-0.005571478252734789,0.05845167197455702,0.05288019372182223
2,22,-0.0005940860804025255,0.05649410887212783,0.055900022791725304
2,23,0.00007828543592820064,0.055988679569919715,0.056066965005847916
2,24,-0.004710148645951949,0.06004459527723938,0.055334446631287434
2,25,-0.0036509437947178786,0.05926359092950813,0.05561264713479025
2,26,-0.00021399055276788426,0.05629199001199086,0.056077999459222976
2,27,-0.0016007611269407487,0.05762030657463495,0.0560195454476942
2,28,-0.0012291150162438702,0.05725928524297578,0.05603017022673191
2,29,-0.00415925366614045,0.058210640119694894,0.054051386453554444
2,30,-0.005185609660176754,0.05712543029051826,0.051939820630341506
2,31,-0.005717351545438641,0.05800109896582573,0.05228374742038709
2,32,-0.0042153244341030655,0.057526742104383195,0.05331141767028013
2,33,-0.0015874343485570708,0.05777211971245909,0.05618468536390202
2,34,-0.00267561178905925,0.05624859519025493,0.05357298340119568
2,35,-0.0031454053328383233,0.057170937243948707,0.05402553191111038
2,36,-0.007349381631848888,0.05838838680556696,0.05103900517371807
2,37,-0.0008764438621571627,0.05615068500793741,0.05527424114578025
2,38,-0.004292468291923708,0.05808877828617177,0.05379630999424806
2,39,-0.0017197885736901439,0.057824397835265204,0.05610460926157506
2,40,-0.0015528795486659738,0.05718922733675688,0.05563634778809091
2,41,-0.00832536109941908,0.059645522974783934,0.05132016187536485
2,42,-0.0037056753440492043,0.0585992922605195,0.054893616916470295
2,43,-0.0009343024429299893,0.05608049073131412,0.05514618828838413
2,44,-0.005486599779611315,0.059872150620615176,0.05438555084100386
2,45,-0.00005400748932882227,0.056195476359506384,0.05614146887017756
2,46,-0.005538209037900421,0.05722785502788157,0.05168964598998115
2,47,-0.006357734513246643,0.059713531357412135,0.05335579684416549
2,48,-0.0012392299406407958,0.05611212494769029,0.05487289500704949
2,49,-0.006945777065472086,0.058247849067545925,0.05130207200207384
2,50,-0.002228655223726797,0.05744277721780434,0.05521412199407754
2,51,-0.0033526149851142856,0.05913564890988879,0.0557830339247745
2,52,-0.00419917394043931,0.05897838088831158,0.05477920694787227
2,53,-0.0006478449043921808,0.058759233530685295,0.058111388626293115
2,54,-0.006060258421422007,0.05873196535958468,0.05267170693816267
2,55,-0.0020232160092653675,0.056878723827032344,0.05485550781776698
2,56,-0.006385189416759231,0.057827921048622145,0.051442731631862915
2,57,-0.007042600967662946,0.0592560983585182,0.052213497390855255
2,58,-0.005387277429098669,0.058358799478501214,0.052971522049402545
2,59,-0.002252054663411829,0.05755923009880432,0.05530717543539249
2,60,-0.0025813098920666466,0.05701460730259938,0.05443329741053273
2,61,-0.004569282052407926,0.05912978794804928,0.054560505895641355
2,62,-0.005110257490329936,0.05753066630776201,0.052420408817432075
2,63,-0.004130614955132318,0.05825669417466417,0.05412607921953185
2,64,-0.0039365857307628455,0.058170441087936633,0.05423385535717379
2,65,0.00046471019876908465,0.057647570941553185,0.05811228114032227
2,66,-0.004882419310407345,0.05859944603820996,0.05371702672780262
2,67,-0.0021004307527034277,0.05763054914577662,0.055530118393073195
2,68,-0.00412068957031788,0.057355797605500594,0.053235108035182714
2,69,-0.002290054627510682,0.05795411244581542,0.05566405781830474
2,70,-0.00409953944822148,0.05736321220347079,0.05326367275524931
2,71,-0.005891686179725963,0.05842538518870632,0.052533699008980354
2,72,-0.004946488336783038,0.05760127145820402,0.05265478312142098
2,73,-0.004118213592014183,0.05851343878560745,0.054395225193593265
2,74,0.001110190482562702,0.05777139974202038,0.05888159022458308
2,75,-0.004427317203180556,0.05805751060727778,0.05363019340409723
2,76,-0.0031232934319266256,0.057619435897431334,0.05449614246550471
2,77,-0.0012370698701722332,0.05788809493217633,0.0566510250620041
2,78,-0.006237047745560428,0.05993052485475848,0.05369347710919805
2,79,-0.0038757005342236403,0.06008886042774587,0.05621315989352223
2,80,-0.00232825953106143,0.057783463260570225,0.055455203729508795
2,81,-0.0028026055928564372,0.05949341255087857,0.05669080695802213
2,82,-0.0027985979302474345,0.05849276147014233,0.0556941635398949
2,83,-0.005119144652315069,0.06008607912843689,0.05496693447612182
2,84,-0.003871553613930344,0.05989093696861152,0.05601938335468118
2,85,-0.005463304120118209,0.05902643384277166,0.05356312972265345
2,86,-0.007301280387107138,0.06056623244600378,0.05326495205889664
2,87,-0.004406298202160035,0.05766334396961574,0.053257045767455706
2,88,-0.002360282591494678,0.057304439128111076,0.0549441565366164
2,89,-0.0023991500536519814,0.058426215602500005,0.056027065548848023
2,90,-0.0017075372051759338,0.05775495237100382,0.05604741516582789
2,91,-0.00213734775712298,0.056376144616770374,0.054238796859647394
2,92,-0.0012481985500124165,0.05719977969798341,0.055951581147971
2,93,-0.001696538295980085,0.057981747811635134,0.05628520951565505
2,94,-0.006080691354594783,0.06025589852747297,0.05417520717287819
2,95,-0.002837146524751484,0.05846449160184581,0.055627345077094326
2,96,-0.0017692085970561627,0.05722274559515902,0.055453536998102855
2,97,-0.0031648663087952833,0.05642813902650182,0.053263272717706533
2,98,-0.004931705172778411,0.059434230144158225,0.054502524971379814
2,99,-0.0050489933695488445,0.05879342554548668,0.053744432175937835
2,100,-0.005713351457523851,0.05859479765740748,0.05288144619988363
2,101,-0.0050931019032565,0.05889148846247377,0.05379838655921727
2,102,-0.002214643487380083,0.056599021763068316,0.05438437827568823
2,103,-0.0033669293634128183,0.056634811813536676,0.05326788245012386
2,104,-0.007982977288253583,0.06085694410999154,0.05287396682173796
2,105,0.001337049066209496,0.058642331705920564,0.05997938077213006
2,106,-0.007763012572200731,0.059585322608014454,0.05182231003581372
2,107,-0.001046682199797401,0.057603105698516566,0.056556423498719165
2,108,-0.003005252362128223,0.0581310569573927,0.05512580459526448
2,109,-0.004177824059724236,0.05796626658739384,0.0537884425276696
2,110,-0.0025215408754397234,0.05688728623351983,0.05436574535808011
2,111,-0.004222286805394021,0.056645311125686076,0.052423024320292055
2,112,-0.007274485506563996,0.05723149899009454,0.049957013483530543
2,113,-0.0051230752389474984,0.05753498643812664,0.052411911199179144
2,114,-0.0056798168202900345,0.058995712614962594,0.05331589579467256
2,115,-0.004362731547320205,0.05870521235314268,0.05434248080582248
2,116,-0.003954361719105334,0.05924325308176387,0.055288891362658535
2,117,-0.006016456057375358,0.06065146750523207,0.054635011447856714
2,118,-0.005017027523311575,0.05860041441607439,0.05358338689276281
2,119,-0.004597542699977197,0.05919101499330678,0.05459347229332958
2,120,-0.00489868874287553,0.057683798306382345,0.052785109563506814
2,121,-0.002444562367195667,0.05799372670413894,0.05554916433694327
2,122,-0.003819374881923493,0.05827857521661566,0.05445920033469217
2,123,-0.0032480565474976505,0.05925211123573708,0.05600405468823943
2,124,-0.003587039506178051,0.058292955098930836,0.054705915592752785
2,125,-0.001327272216142969,0.05596253118566189,0.05463525896951892
2,126,-0.004210125147165816,0.05618775558074674,0.051977630433580925
2,127,-0.0014334424603339724,0.057166870265338024,0.05573342780500405
2,128,-0.005935995660623382,0.05833546531153865,0.05239946965091527
2,129,-0.004151228175276585,0.05785607420684978,0.053704846031573196
2,130,-0.00894665889042072,0.060851476746787043,0.051904817856366324
2,131,-0.003496491128694691,0.05827538945369545,0.05477889832500076
2,132,-0.0000976943891967258,0.055934986064241465,0.05583729167504474
2,133,-0.0029182606531662283,0.05801075869615965,0.055092498042993425
2,134,-0.006267159671372778,0.05906679601009149,0.05279963633871871
2,135,-0.0021448578086027473,0.05954872346733242,0.05740386565872967
2,136,-0.0009160566958467536,0.05805905119510655,0.057142994499259796
2,137,-0.005421076202637501,0.059275887691003726,0.053854811488366225
2,138,-0.005152044637004444,0.0575849752758447,0.052432930638840254
2,139,-0.0017955798871250941,0.057114525706505825,0.05531894581938073
2,140,-0.004611890015832634,0.058567747124784936,0.0539558571089523
2,141,-0.003497597361643831,0.05757571852246902,0.054078121160825186
2,142,-0.004558191061253929,0.05816836663188989,0.05361017557063596
2,143,-0.005073011385628594,0.05793601408980663,0.052863002704178035
2,144,-0.003478807732925651,0.05685998319262501,0.05338117545969936
2,145,-0.006129153528219848,0.06032609251029546,0.054196938982075615
2,146,-0.002672901777098495,0.05683696326127388,0.05416406148417539
2,147,-0.0027618289901289728,0.05719017558968576,0.05442834659955679
2,148,-0.005035645609613823,0.058351421152157384,0.05331577554254356
2,149,-0.002620701728166995,0.057569323841367974,0.05494862211320098
2,150,-0.003290253537479304,0.05728732960326019,0.053997076065780886
2,151,-0.0013447134797906768,0.057258072607965504,0.05591335912817483
2,152,-0.0027773063769079565,0.05672336734100733,0.053946060964099374
2,153,-0.0042072596693709455,0.056656418457709204,0.05244915878833826
2,154,-0.004868350725712775,0.05882184097264419,0.05395349024693141
2,155,-0.002658825100034304,0.05675298116205494,0.054094156062020636
2,156,-0.004472534171366935,0.058970641223841505,0.05449810705247457
2,157,-0.0053652355863667706,0.059559186980301444,0.054193951393934674
2,158,-0.005035436922109969,0.05860596878572108,0.05357053186361111
2,159,-0.0010354425086848001,0.055941058478186416,0.054905615969501616
2,160,-0.00155276200653158,0.055483158216183326,0.053930396209651746
2,161,0.0012139903578715916,0.056918795836989354,0.058132786194860946
2,162,-0.005952315465647909,0.058479277243675166,0.05252696177802726
2,163,-0.004660970345946418,0.05846932435576405,0.053808354009817635
2,164,-0.005196010001690038,0.058670519169610136,0.0534745091679201
2,165,-0.0022962455794175024,0.05783458466421005,0.05553833908479255
2,166,-0.0021105745619902083,0.05803269147715842,0.05592211691516821
2,167,-0.00567004734259955,0.05834421069658853,0.05267416335398898
2,168,-0.004979666378522339,0.058522315531815465,0.053542649153293126
2,169,-0.005019631060844271,0.05791281190997089,0.05289318084912662
2,170,-0.001320202165722796,0.05676878236000203,0.055448580194279236
2,171,-0.003533524486928556,0.056971878894526505,0.05343835440759795
2,172,-0.004716890397131204,0.05805046993064483,0.05333357953351363
2,173,-0.0029627742460402798,0.05679719828243926,0.05383442403639898
2,174,-0.001903584726941361,0.056464962576042,0.05456137784910064
2,175,-0.004129869913165607,0.056874143503646,0.052744273590480395
2,176,-0.006076020767994829,0.06009694890078992,0.05402092813279509
2,177,-0.002395923591272206,0.05818675483162107,0.055790831240348865
2,178,-0.0030445345996005027,0.05749649882102191,0.05445196422142141
2,179,-0.0014730078356669299,0.05720473959681824,0.05573173176115131
2,180,0.0009457185490452311,0.05743274032708854,0.05837845887613377
2,181,-0.0032483022769680056,0.058523286094297786,0.05527498381732978
2,182,-0.0012747456802096671,0.056796301395632395,0.05552155571542273
2,183,-0.004325941660621377,0.05756421708730132,0.05323827542667994
2,184,-0.004125632788227404,0.05675330699111379,0.05262767420288639
2,185,-0.0029718687830556645,0.05895301891616643,0.055981150133110766
2,186,-0.00030811713054122725,0.05705274640692655,0.05674462927638532
2,187,-0.0043862184427369,0.05823354711339163,0.05384732867065473
2,188,-0.0018818882366918935,0.05620116061728475,0.05431927238059286
2,189,-0.0012859194467317106,0.05616728810997211,0.0548813686632404
2,190,-0.005760333822428097,0.05924622725384567,0.053485893431417575
2,191,-0.005212409696376902,0.05823755713424517,0.05302514743786827
2,192,-0.0067975597520373715,0.058663682388181475,0.0518661226361441
2,193,-0.004897057831716921,0.058482301209135966,0.053585243377419045
2,194,-0.0046224721468596935,0.05764229654187388,0.05301982439501419
2,195,-0.0030210920172883335,0.057734293885709526,0.05471320186842119
2,196,-0.004886092801071107,0.0581026843236585,0.05321659152258739
2,197,-0.0019417130364931187,0.056795056346961914,0.054853343310468795
2,198,-0.004504892917595239,0.05802362898257182,0.053518736064976584
2,199,-0.002015966194287566,0.058672886454096754,0.05665692025980919
2,200,-0.0029386546129910734,0.05837781796901739,0.05543916335602632
2,201,-0.002982945076980069,0.05651946804898567,0.053536522972005604
2,202,-0.0027212223724502535,0.05977011757583591,0.05704889520338566
2,203,-0.0018984229048106885,0.05959924401288118,0.05770082110807049
2,204,-0.005829984196862245,0.05874608970500285,0.052916105508140604
2,205,-0.005824383433287894,0.05898138929368568,0.05315700586039779
2,206,-0.002982136855253552,0.05773943908583022,0.05475730223057667
2,207,-0.001297951261251061,0.05636331513293801,0.05506536387168695
2,208,-0.004667446605724407,0.05822114052448301,0.0535536939187586
2,209,-0.003243088477751281,0.05544916160850227,0.05220607313075099
2,210,-0.004198213272481231,0.05722294149007625,0.05302472821759502
2,211,-0.0018584883422321716,0.0574105461649683,0.05555205782273613
2,212,-0.005166416551328212,0.05856552066948343,0.05339910411815522
2,213,-0.0027422707688693204,0.05749393748891731,0.05475166672004799
2,214,-0.0034799641282496213,0.05984455166574772,0.056364587537498095
2,215,-0.0038022897499919023,0.05724531699403365,0.05344302724404175
2,216,-0.003975078728154426,0.057889457036244936,0.05391437830809051
2,217,-0.004691410045909165,0.0568677988639241,0.05217638881801494
2,218,-0.0016982340922544817,0.056518519010431444,0.05482028491817696
2,219,-0.002246322119967753,0.056022286065006865,0.05377596394503911
2,220,-0.0052470686930976285,0.05683680619409162,0.05158973750099399
2,221,0.0008331906548714879,0.05736586772948003,0.05819905838435152
2,222,-0.0033386638667404003,0.05693470915984193,0.05359604529310153
2,223,-0.005586261104533884,0.05851200309922823,0.052925741994694346
2,224,-0.0003360369332838023,0.056848170455571584,0.05651213352228778
2,225,-0.0033656218776610125,0.05899670894201835,0.055631087064357335
2,226,-0.000044231466744606984,0.05636736524062874,0.056323133773884135
2,227,-0.004512857799578711,0.058229206786009284,0.05371634898643057
2,228,-0.006307520684418928,0.05883549379055989,0.05252797310614096
2,229,-0.003527444772530343,0.057896954507557594,0.05436950973502725
2,230,-0.0028372589737115303,0.05684752845358356,0.05401026947987203
2,231,-0.0038741898543906625,0.05531441214658565,0.051440222292194984
2,232,-0.0037039934029445,0.057659336930007306,0.053955343527062806
2,233,-0.0014962693861194157,0.056781866972895674,0.05528559758677626
2,234,-0.003600397462321929,0.060112479563167176,0.05651208210084525
2,235,-0.004361401170115825,0.059852862458510764,0.05549146128839494
2,236,-0.0037224647275753767,0.05800675033085052,0.05428428560327515
2,237,-0.0027661156319511854,0.05649252466537134,0.05372640903342015
2,238,-0.0063936230357440615,0.05904464428607492,0.05265102125033086
2,239,-0.004815916697734637,0.05829480320516545,0.053478886507430816
2,240,-0.0035292658126232224,0.05842693794111703,0.05489767212849381
2,241,-0.0038658412417469784,0.057454524836263565,0.05358868359451659
2,242,-0.0013488578040478094,0.05694296517130719,0.05559410736725938
2,243,-0.0013488578040478094,0.05694296517130719,0.05559410736725938
2,244,-0.0044643557180262805,0.059971152601762355,0.055506796883736075
2,245,-0.004019942445694882,0.05817575154290491,0.05415580909721003
2,246,-0.001943379063350334,0.0581123222266051,0.05616894316325476
2,247,-0.007793468221284468,0.06061841678025807,0.0528249485589736
2,248,-0.0005796859793077494,0.05604014185360191,0.055460455874294164
2,249,-0.003297420071186198,0.057682522905049445,0.05438510283386325
2,250,-0.0027450980590452284,0.05737630194709676,0.05463120388805153
2,251,-0.0036751021450933813,0.0588484633952548,0.055173361250161417
2,252,-0.002945945652847795,0.057602457728424844,0.05465651207557705
2,253,-0.0018796201285643105,0.05747599288090515,0.05559637275234084
2,254,-0.0011446859874420859,0.055405590431286664,0.05426090444384458
2,255,-0.003160523059315648,0.05735552928916573,0.05419500622985008
2,256,-0.003178209374434901,0.059046235355143424,0.05586802598070852
2,257,-0.0039004317073538033,0.059565666201331774,0.05566523449397797
2,258,-0.0062456989086127,0.057179567874646654,0.050933868966033954
2,259,-0.004269259055517373,0.057529738425247494,0.05326047936973012
2,260,-0.0052399729672728615,0.056277691617385,0.05103771865011214
2,261,-0.00429520142623864,0.05949013890050213,0.05519493747426349
2,262,0.00008509816471987536,0.05780052757455287,0.05788562573927274
2,263,-0.003069579575422726,0.05640403839676943,0.05333445882134671
2,264,-0.0031320487188666174,0.05811129369057872,0.0549792449717121
2,265,-0.003916102240675623,0.058754418402513026,0.0548383161618374
2,266,-0.002887820522545194,0.05602898302097143,0.053141162498426237
2,267,-0.0028553199766791354,0.05715406358708354,0.054298743610404404
2,268,-0.001803463250864952,0.05884212841832768,0.057038665167462727
2,269,-0.0012801814526958652,0.056460552214692664,0.0551803707619968
2,270,-0.008535260634859355,0.059717455403626406,0.05118219476876705
2,271,-0.007775730173152813,0.060160323490157534,0.05238459331700472
2,272,-0.0055149915373207195,0.05805883204384853,0.05254384050652781
2,273,-0.004264228808022449,0.05786567104518826,0.053601442237165814
2,274,-0.005925842140445135,0.05884218611149429,0.052916343971049155
2,275,-0.000274987682845694,0.055900972120705536,0.05562598443785984
2,276,-0.0037650418850403225,0.05915139758441092,0.055386355699370594
2,277,-0.0030448380667345842,0.058500085278657465,0.05545524721192288
2,278,-0.0010643726199215109,0.05801762472865769,0.056953252108736176
2,279,-0.003654243659036896,0.05889810989951025,0.05524386624047335
2,280,-0.0025800609304270986,0.056284412921512074,0.053704351991084975
2,281,-0.0014078545373167328,0.05755940883142294,0.056151554294106204
2,282,-0.005014417292883357,0.059365527089280765,0.05435110979639741
2,283,-0.0031685081281661795,0.05772669597270492,0.05455818784453874
2,284,-0.004005948714135905,0.057960345802043255,0.05395439708790735
2,285,-0.0017348095257484833,0.057947343071078954,0.05621253354533047
2,286,-0.0028540220225020604,0.05682936979307726,0.0539753477705752
2,287,-0.0037755515917073587,0.05693825590098336,0.053162704309276
2,288,-0.003907295118586715,0.05905151534775383,0.05514422022916712
2,289,-0.006556918488210835,0.05901282759561656,0.052455909107405725
2,290,0.00003144913577611541,0.05615062759156909,0.0561820767273452
2,291,-0.0037604482837131636,0.05918630699964061,0.055425858715927444
2,292,-0.0046000257663166635,0.059188312572918414,0.05458828680660175
2,293,-0.004360320718484134,0.058169840050600635,0.0538095193321165
2,294,-0.001145196132835341,0.056858572766917026,0.055713376634081685
2,295,-0.00252675582030569,0.057888358171726044,0.055361602351420354
2,296,-0.005180442393549312,0.060361571969204775,0.05518112957565546
2,297,-0.007111224378634158,0.059065006524868624,0.051953782146234466
2,298,-0.002143129009935768,0.05827406823806746,0.05613093922813169
2,299,-0.005314637596081154,0.05945015509127377,0.05413551749519262
2,300,-0.004297540141052464,0.057332259518119426,0.05303471937706696
2,301,-0.002679564222158197,0.05813473565581625,0.05545517143365805
2,302,-0.0021403350353650305,0.05800137526612313,0.0558610402307581
2,303,-0.002552235440750568,0.05814909876120532,0.05559686332045475
2,304,-0.0032128247692110173,0.05862879223008376,0.05541596746087274
2,305,-0.004453753082962877,0.058353670666567076,0.0538999175836042
2,306,-0.0034303551472505203,0.056415185324099774,0.052984830176849254
2,307,-0.0008695047792417546,0.0580751997543072,0.057205694975065446
2,308,-0.0036733951439596527,0.05721269243374902,0.053539297289789366
2,309,-0.005400471982241327,0.057779924957958,0.052379452975716674
2,310,-0.00340922860674326,0.05708699950792671,0.05367777090118345
2,311,-0.0031039146095682424,0.0569260488177072,0.05382213420813896
2,312,-0.0002679422800360015,0.05555977291530479,0.05529183063526879
2,313,-0.004261253510212962,0.058047875713341766,0.053786622203128805
2,314,-0.004440381905164041,0.058912968558658185,0.054472586653494144
2,315,-0.0038645816977333977,0.05745918597036991,0.053594604272636515
2,316,-0.0032511947784328726,0.05844305706623408,0.05519186228780121
2,317,-0.0033377782841473233,0.05698897481646034,0.05365119653231302
2,318,-0.001310982737111499,0.05687922533254311,0.05556824259543161
2,319,-0.002915368155399889,0.057001234175394905,0.054085866019995016
2,320,-0.005589649144665407,0.06126381887040504,0.05567416972573963
2,321,-0.004225956904485406,0.059615220116645364,0.05538926321215996
2,322,-0.004222694682800801,0.05640475150785201,0.05218205682505121
2,323,-0.002359175996649622,0.05638253845548825,0.054023362458838625
2,324,-0.006164961109440224,0.059123656274185546,0.05295869516474532
2,325,-0.0020978367423332353,0.057688129368846625,0.05559029262651339
2,326,-0.007139073774215875,0.05913094462063046,0.05199187084641459
2,327,-0.00031570321540416724,0.057918589135089404,0.05760288591968524
2,328,0.00020113946872283434,0.05900989464563013,0.05921103411435297
2,329,-0.00511399395935757,0.059089989101965106,0.053975995142607536
2,330,-0.002000057794601842,0.057110241917147066,0.055110184122545224
2,331,-0.004482341795715092,0.05780376869867813,0.053321426902963036
2,332,0.0013168662084206695,0.05716619668636056,0.05848306289478123
2,333,-0.0019337019117829646,0.05648690703831473,0.054553205126531765
2,334,-0.005052354617349278,0.05980981831748909,0.05475746370013981
2,335,-0.0018618215159905346,0.05747708599012587,0.05561526447413533
2,336,-0.0010243305788629267,0.05730945162262437,0.056285121043761446
2,337,-0.003931685007780024,0.05905269917253519,0.055121014164755164
2,338,-0.003331401235521121,0.06031301434990647,0.05698161311438535
2,339,-0.0032920043495534707,0.056425994742943096,0.053133990393389625
2,340,-0.0042170235099976625,0.058180760721898574,0.05396373721190091
2,341,-0.0062379498179170045,0.059776022824852636,0.05353807300693563
2,342,-0.002600800125164858,0.05803303716689256,0.0554322370417277
2,343,-0.0007835191212818421,0.0558417855123394,0.055058266391057556
2,344,-0.0021111777857938663,0.05785525995582608,0.05574408217003221
2,345,-0.004463790947609757,0.05763768122675843,0.05317389027914867
2,346,-0.002783240418325887,0.05759978091345787,0.05481654049513198
2,347,-0.0036076525012262925,0.05635709305397162,0.05274944055274533
2,348,-0.003623402081101741,0.05781281727312381,0.05418941519202207
2,349,-0.000884656763029748,0.056874121439311386,0.05598946467628164
2,350,-0.00372500705531624,0.05759591235347964,0.0538709052981634
2,351,-0.002440675460701938,0.05484781271870451,0.05240713725800257
2,352,-0.001458355432962126,0.055864844398824234,0.05440648896586211
2,353,-0.005255133211687461,0.060168849133498264,0.0549137159218108
2,354,-0.0018828131024467495,0.05624872151742173,0.05436590841497498
2,355,-0.003705989362838301,0.0573206400033087,0.0536146506404704
2,356,-0.002480828217101619,0.05701449027033164,0.05453366205323002
2,357,-0.0038439156628575014,0.05847665900833925,0.05463274334548175
2,358,-0.0021391747133904446,0.05693892043974621,0.054799745726355764
2,359,-0.005549697580227782,0.057261085633452835,0.05171138805322505
2,360,-0.0018540825709795483,0.057411301594481406,0.05555721902350186
2,361,-0.003598643340659069,0.059140155105712036,0.05554151176505297
2,362,-0.0009594516770027803,0.05741199329840125,0.05645254162139847
2,363,-0.004876712261251075,0.05762704714104131,0.05275033487979024
2,364,-0.001254748482960047,0.057308807226987966,0.05605405874402792
2,365,-0.003090571190295238,0.05784923243207,0.05475866124177476
2,366,-0.003239856034844779,0.05880583374928349,0.05556597771443871
2,367,-0.005755396116885497,0.05914062775129015,0.05338523163440465
2,368,-0.006324762982288089,0.059428648110804894,0.053103885128516805
2,369,-0.004216547090281554,0.05700256804216541,0.05278602095188385
2,370,-0.002164077656210718,0.05667992609287,0.054515848436659284
2,371,-0.004997466325038523,0.05675642801205843,0.051758961687019905
2,372,-0.0008280130338893105,0.05691218260867868,0.05608416957478937
2,373,-0.0024158184397628443,0.058325315554272776,0.05590949711450993
2,374,-0.0035460877498535784,0.059010877552043005,0.055464789802189426
2,375,-0.0029229595732421926,0.05807615801953988,0.05515319844629769
2,376,-0.003936158579368118,0.057913115671515636,0.05397695709214752
2,377,-0.005182551034589339,0.058165243786895506,0.05298269275230617
2,378,-0.0034755495995561145,0.05805330077197562,0.0545777511724195
2,379,-0.004351342696565272,0.0592261706007068,0.05487482790414153
2,380,-0.003584945152592542,0.05769630846202478,0.05411136330943224
2,381,-0.0015910598344221066,0.05615964968903924,0.054568589854617135
2,382,-0.0026503536749020867,0.05674000233120165,0.05408964865629956
2,383,-0.002928878800202213,0.05740580295503268,0.054476924154830464
2,384,-0.0027395486575487182,0.05665016994438878,0.053910621286840064
2,385,-0.002006423346002831,0.05651274382082606,0.054506320474823226
2,386,-0.007325158321669571,0.057842189332102736,0.050517031010433165
2,387,-0.0003812334265398745,0.056266297832557814,0.05588506440601794
2,388,-0.0018404178389860304,0.05636948790459247,0.05452907006560644
2,389,-0.0032110974371048692,0.05824029016744102,0.05502919273033615
2,390,-0.0032136424038954753,0.05840529961063647,0.055191657206741
2,391,-0.002534099856572228,0.05687842369600171,0.054344323839429484
2,392,-0.0034651037589916306,0.05842481175693164,0.05495970799794001
2,393,-0.0016339122402859105,0.05709157700525963,0.05545766476497372
2,394,-0.0017667953643888262,0.05701221166373303,0.0552454162993442
2,395,-0.003735354964746182,0.057798677911658984,0.0540633229469128
2,396,-0.0023489162143103953,0.05734363379003849,0.054994717575728096
2,397,-0.0018128177594956205,0.056844968886051214,0.055032151126555594
2,398,-0.0049383147413293235,0.05883363020058276,0.05389531545925343
2,399,-0.004120752957211954,0.057710798463098095,0.05359004550588614
2,400,-0.004138152012271842,0.058157217710349374,0.05401906569807753
2,401,-0.0042930767934511935,0.05909558368109329,0.0548025068876421
2,402,0.00006008156209745541,0.05768623431193372,0.05774631587403117
2,403,-0.002888084048900237,0.059122404012450426,0.05623431996355019
2,404,-0.0006968517608008581,0.05753382176109746,0.056836970000296604
2,405,-0.004492905242250336,0.0584269867612483,0.053934081518997964
2,406,-0.00218125441236601,0.05850153231294635,0.05632027790058034
2,407,-0.004452049658328218,0.059444258576340676,0.05499220891801246
2,408,-0.005380563272376418,0.05829657661434236,0.05291601334196594
2,409,-0.002784714988830088,0.05714051324272089,0.0543557982538908
2,410,-0.003000358681439795,0.05680936123466323,0.053809002553223434
2,411,-0.0030154396234143427,0.05626840317858705,0.05325296355517271
2,412,-0.005449919704029006,0.05836552348464445,0.052915603780615446
2,413,-0.004982367827909791,0.05774755681616536,0.05276518898825557
2,414,-0.0016758925930389565,0.05707897725970797,0.05540308466666902
2,415,-0.0033657985076345556,0.05844796041897753,0.05508216191134298
2,416,-0.0024607079794657233,0.056880245811235346,0.05441953783176962
2,417,-0.004251186696998817,0.0597860010179068,0.05553481432090798
2,418,-0.0038585412570687136,0.05623277994186599,0.05237423868479728
2,419,-0.00447580973066819,0.05888045427297162,0.05440464454230343
2,420,-0.004608741680973957,0.0577793554826621,0.053170613801688145
2,421,-0.005701805603929383,0.05829121176245271,0.052589406158523325
2,422,-0.0032297166291262933,0.0584668911264147,0.055237174497288405
2,423,-0.00566147793971402,0.058301809963831726,0.052640332024117706
2,424,-0.0038694680009267873,0.05763861341977972,0.053769145418852936
2,425,-0.004011251704923509,0.05812534557859381,0.0541140938736703
2,426,-0.0038582319752935093,0.057033859533347886,0.05317562755805438
2,427,-0.002760374941300256,0.05775967067233103,0.054999295731030774
2,428,-0.0026228593817351625,0.05620628553916435,0.053583426157429184
2,429,0.000272767578286634,0.055007810293203015,0.05528057787148965
2,430,-0.00796163215302171,0.058703543821809874,0.050741911668788164
2,431,-0.00835765463423923,0.059322003649791476,0.050964349015552246
2,432,-0.0024826652656172662,0.05680918448925361,0.05432651922363634
2,433,-0.003076883421485252,0.057069739967122925,0.05399285654563767
2,434,-0.0035684079326829196,0.056724775090441375,0.053156367157758455
2,435,-0.004791779332969946,0.0589413312703773,0.05414955193740736
2,436,-0.0030882042203906265,0.05655411808777546,0.053465913867384834
2,437,-0.0038162054106952517,0.058591911049090534,0.05477570563839528
2,438,-0.00807985026580186,0.061079332775213005,0.052999482509411146
2,439,-0.0069084579115987685,0.058684035453551,0.05177557754195223
2,440,-0.004070782991943682,0.05685721117743443,0.05278642818549075
2,441,-0.00048157257280216637,0.05541984356463832,0.05493827099183615
2,442,-0.003627592879349849,0.05799368216484145,0.0543660892854916
2,443,-0.003327721166422222,0.0586949006759718,0.05536717950954958
2,444,0.0010640590997064436,0.055650019881320546,0.05671407898102699
2,445,-0.006381121428845386,0.06106784832181036,0.05468672689296497
2,446,-0.0007603796020601433,0.05821087562210349,0.057450496020043346
2,447,-0.003233080125248998,0.05641954046428897,0.053186460339039975
2,448,-0.0008167466754279706,0.056850140512463676,0.056033393837035705
2,449,-0.004981507802868795,0.057761735292396546,0.05278022748952775
2,450,-0.0067533647068644745,0.060872758537413425,0.05411939383054895
2,451,-0.003238412255415539,0.05744001370049624,0.054201601445080703
2,452,-0.0024451432493745387,0.057734279986273236,0.0552891367368987
2,453,-0.0004240617825240975,0.05889579682433933,0.058471735041815236
2,454,-0.002728801291824616,0.05678868404928742,0.054059882757462804
2,455,-0.0051838212754907395,0.05874541598896116,0.05356159471347042
2,456,-0.002973742963962321,0.05702165236999353,0.05404790940603121
2,457,-0.0025614497529206914,0.057182341862371824,0.05462089210945113
2,458,-0.0067073587600844226,0.05861283363548263,0.051905474875398205
2,459,-0.001938353638979179,0.057274781438379205,0.055336427799400026
2,460,-0.004781239177405042,0.05858571676852993,0.05380447759112489
2,461,-0.005321890008780347,0.05979224840633276,0.05447035839755241
2,462,-0.004180288553409635,0.05852911229103786,0.05434882373762823
2,463,-0.0009547280858256263,0.056554915054878745,0.05560018696905312
2,464,-0.0036543026790436806,0.057573126127121496,0.053918823448077816
2,465,-0.005413154166590363,0.05838001486169255,0.05296686069510219
2,466,-0.006668676229045878,0.05965038919283526,0.05298171296378938
2,467,-0.0017778731206982076,0.05770846694348936,0.055930593822791155
2,468,-0.0011101567213858202,0.05757718978823103,0.05646703306684521
2,469,-0.0036025986534079443,0.05715028757761168,0.05354768892420374
2,470,-0.004413499165798175,0.05766096587317592,0.05324746670737775
2,471,-0.005445420571696807,0.05913533651923432,0.05368991594753751
2,472,-0.0033345611968383926,0.05776064389975386,0.05442608270291547
2,473,-0.0039824797897275305,0.05784037787101071,0.05385789808128318
2,474,-0.004614426419289122,0.05827427930034045,0.05365985288105133
2,475,-0.006002592205067957,0.05924700861349605,0.05324441640842809
2,476,-0.006778474971493462,0.058965447222627504,0.05218697225113404
2,477,-0.006120646745972437,0.05788338196949376,0.051762735223521324
2,478,-0.0029598336698860514,0.05695689238409104,0.05399705871420499
2,479,-0.0026833577177895473,0.05835045188736096,0.05566709416957141
2,480,-0.0029972002749604834,0.0573316474189705,0.05433444714401001
2,481,-0.005115530694892949,0.05675231844240852,0.051636787747515574
2,482,-0.004691274973083158,0.05907600580648674,0.05438473083340358
2,483,-0.00438604556401305,0.058548124940253035,0.054162079376239985
2,484,-0.003917906092045301,0.05797803550298292,0.05406012941093762
2,485,-0.0022486136534757423,0.05685479575894517,0.05460618210546943
2,486,-0.0027916837598557995,0.05615193885090556,0.05336025509104976
2,487,-0.004210615407411876,0.05880390297901881,0.05459328757160693
2,488,-0.0036450947588585955,0.05998852825474105,0.05634343349588245
2,489,-0.0022639745351394555,0.05736189977497443,0.05509792523983498
2,490,0.0008135511142443111,0.0560342482430063,0.05684779935725061
2,491,-0.006250261913118289,0.05929439215907107,0.05304413024595278
2,492,-0.001960156972180979,0.056449549341502876,0.0544893923693219
2,493,-0.005236615142937481,0.05636854837021195,0.05113193322727447
2,494,-0.004592692074612013,0.057491572689692655,0.05289888061508064
2,495,-0.0046496223992456565,0.05782908726293684,0.053179464863691184
2,496,-0.005823595497203508,0.057439786083947425,0.05161619058674392
2,497,-0.006129107800544667,0.05857549427301519,0.052446386472470526
2,498,-0.004006762255782621,0.05886547333450769,0.054858711078725066
2,499,-0.002901895573862605,0.05774905698760018,0.05484716141373758
2,500,-0.003489044941693248,0.05855332244446981,0.055064277502776565
2,501,-0.004838265144176186,0.05789706245644317,0.05305879731226698
2,502,-0.002092865808878276,0.057293280483238854,0.05520041467436058
2,503,-0.0015442078957635594,0.05580240493054242,0.05425819703477886
2,504,-0.004333764045436103,0.05731982266033831,0.05298605861490221
2,505,-0.0039006227467331817,0.05717290531785785,0.053272282571124666
2,506,-0.002198026219517049,0.057631910005148744,0.055433883785631695
2,507,-0.0032344326990270816,0.05726287071594223,0.05402843801691515
2,508,-0.002831579173577077,0.05847764780315178,0.055646068629574705
2,509,-0.00553158870177816,0.05921659785265473,0.05368500915087657
2,510,-0.0014136905714142514,0.05662256076727968,0.05520887019586543
2,511,-0.0057701462263008915,0.059372969348780016,0.053602823122479125
2,512,-0.00435418716362624,0.05794747819886127,0.05359329103523503
2,513,-0.0049730147113764625,0.057885977710323215,0.05291296299894675
2,514,-0.0031550469039863874,0.056862134893800965,0.05370708798981458
2,515,-0.0009869954386415997,0.05548043091455911,0.054493435475917514
2,516,-0.004126753526116515,0.05807323424068428,0.053946480714567764
2,517,-0.0007937161874638984,0.05937890719091347,0.05858519100344957
2,518,-0.004197476423262993,0.05876233980589551,0.054564863382632514
2,519,-0.0021932256488556706,0.05627383002023826,0.05408060437138259
2,520,-0.003335170700749339,0.05676667091820965,0.053431500217460313
2,521,-0.0021177432240388483,0.058066835809705016,0.05594909258566617
2,522,-0.0029056372992167095,0.058685305467600306,0.055779668168383596
2,523,-0.002764877809823589,0.057021329258425416,0.054256451448601827
2,524,-0.004930292483606921,0.05680887499438663,0.05187858251077971
2,525,-0.007112915818886574,0.059538739487751416,0.05242582366886484
2,526,0.0012477285542824568,0.05633761626365106,0.057585344817933516
2,527,-0.004854030275937782,0.0578397487537657,0.05298571847782792
2,528,-0.004183632896159771,0.057291069304423375,0.053107436408263604
2,529,-0.001663913378016052,0.05704033695152293,0.055376423573506875
2,530,-0.006607718171547539,0.059452581899686795,0.052844863728139256
2,531,-0.0036884158984547555,0.058785931740532815,0.05509751584207806
2,532,-0.0050670344742629395,0.05859773806317684,0.0535307035889139
2,533,-0.002367554749905021,0.05563510652875421,0.05326755177884919
2,534,-0.0013547386442227805,0.05793179728262676,0.05657705863840398
2,535,-0.0029260192541350344,0.05980945340220388,0.056883434148068845
2,536,-0.0019572984497418094,0.056435093459941535,0.054477795010199725
2,537,-0.003463350255961263,0.057269061751530716,0.05380571149556945
2,538,-0.0035560696483350612,0.058105793791894955,0.054549724143559894
2,539,-0.005182410389552576,0.05966587581797008,0.054483465428417505
2,540,-0.000014301519577368527,0.05618432453155422,0.05617002301197685
2,541,-0.004620255278401451,0.057474854100786794,0.05285459882238534
2,542,-0.005075377097301492,0.05877008820843142,0.05369471111112993
2,543,-0.005514393748368263,0.059535241617271854,0.05402084786890359
2,544,-0.0053104271367613795,0.0577752316073374,0.05246480447057602
2,545,-0.003440846843702376,0.05815908847731662,0.054718241633614245
2,546,-0.002067750683834871,0.05704264435755749,0.054974893673722616
2,547,-0.0020290078712511816,0.05768915164583578,0.0556601437745846
2,548,-0.004241426912850385,0.05782677284742867,0.05358534593457828
2,549,-0.005619172370538689,0.05861029489742366,0.052991122526884975
2,550,-0.003218885818224805,0.05771915450243741,0.05450026868421261
2,551,-0.0036822927060312025,0.058029329973070955,0.05434703726703975
2,552,-0.002416574045156529,0.05775524221315206,0.05533866816799553
2,553,-0.0042761084331285615,0.05922338993997201,0.05494728150684345
2,554,-0.00047210119749585555,0.05727374269817752,0.05680164150068166
2,555,-0.0010420926646328016,0.05671081436476033,0.05566872170012753
2,556,-0.005447719593962348,0.05888998079134924,0.05344226119738689
2,557,-0.003249384779599719,0.058622504291652555,0.055373119512052836
2,558,-0.004655439774990763,0.057822239807585975,0.05316680003259521
2,559,-0.001326906654191655,0.05858646993410707,0.05725956327991542
2,560,-0.003363532201501998,0.057669021443125267,0.05430548924162327
2,561,-0.0035760824633418314,0.0581025333664104,0.05452645090306857
2,562,-0.004586725989296596,0.059819953160431025,0.05523322717113443
2,563,-0.0035675055397067987,0.05684095503872493,0.05327344949901813
2,564,-0.00005775655247626521,0.05579229757506634,0.055734541022590074
2,565,-0.0016767636623105306,0.056722711110452635,0.055045947448142105
2,566,-0.00466976544435406,0.057709612244265386,0.053039846799911326
2,567,0.00025876696899775065,0.056037500166394465,0.056296267135392215
2,568,-0.007023426066815622,0.05945080787008641,0.052427381803270785
2,569,-0.0027640697522884686,0.058481684911068886,0.05571761515878042
2,570,-0.0031070119993939355,0.05912187605762931,0.05601486405823537
2,571,-0.002723450952204727,0.05597114675439153,0.0532476958021868
2,572,-0.0019828568305241406,0.056610482236254284,0.05462762540573014
2,573,-0.0021540468700733464,0.05728185661422306,0.055127809744149714
2,574,-0.004115832839312883,0.05738065764586816,0.053264824806555276
2,575,-0.003346079206674367,0.05865301926511162,0.055306940058437254
2,576,-0.0019336040867726292,0.05665457118395307,0.05472096709718044
2,577,-0.0006357050661427721,0.0561071553189662,0.05547145025282343
2,578,-0.0028972647791196127,0.05737255201151173,0.05447528723239212
2,579,-0.0026777908282132265,0.05763095490698179,0.05495316407876857
2,580,-0.0041185314542075,0.05750109153874784,0.05338256008454034
2,581,-0.0040418660348049765,0.056824082941433804,0.05278221690662883
2,582,-0.006654332414077091,0.05889896982815672,0.05224463741407963
2,583,-0.004313396578789035,0.05617231747254272,0.051858920893753685
2,584,-0.00716828876058484,0.06018485872807226,0.05301656996748742
2,585,-0.008094256340102177,0.05987691558505116,0.051782659244948986
2,586,-0.0013140542808856431,0.0563546245956887,0.055040570314803056
2,587,-0.002406928327449938,0.0577152953289755,0.05530836700152556
2,588,-0.00152283697285914,0.05667756918692934,0.0551547322140702
2,589,-0.005223050738196969,0.05987971940724172,0.05465666866904475
2,590,-0.003185768040687778,0.0563205109247962,0.053134742884108424
2,591,-0.0022127184920259987,0.05754390838657843,0.05533118989455243
2,592,-0.0003578938632821174,0.056885482814753675,0.05652758895147156
2,593,-0.003247754971770052,0.057100568721734295,0.05385281374996424
2,594,-0.0035181077690092655,0.05767668701976477,0.054158579250755505
2,595,-0.005131132301007667,0.0596581220790419,0.05452698977803423
2,596,-0.006759536193803366,0.05821538548471778,0.051455849290914416
2,597,-0.0014435793567926791,0.05587167403485862,0.05442809467806594
2,598,-0.004481883035332264,0.0574904747935144,0.053008591758182136
2,599,-0.002613410354546729,0.056947525230901866,0.05433411487635514
2,600,-0.004598184833257253,0.05742511442397579,0.05282692959071854
2,601,-0.005864407015722467,0.05834538924587958,0.05248098223015711
2,602,-0.004795758688007398,0.057482240927024794,0.052686482239017396
2,603,-0.0035028558914981175,0.05748814729099736,0.053985291399499244
2,604,-0.005765251986095288,0.05688416265877389,0.051118910672678604
2,605,-0.008653056503492053,0.05855404713597951,0.04990099063248746
2,606,-0.0006952206278535225,0.056531415300661136,0.055836194672807614
2,607,-0.004993980145105152,0.05799279247717473,0.05299881233206958
2,608,-0.0059811769582247196,0.058570322838166884,0.052589145879942165
2,609,-0.00427583687644479,0.05869485226800179,0.054419015391557
2,610,-0.0020588462126681292,0.05709347774817371,0.05503463153550558
2,611,-0.0032934925013775457,0.05696149825834186,0.053668005756964315
2,612,-0.0017719391738127352,0.05582073515509311,0.05404879598128037
2,613,-0.001970647678612221,0.057453440458852124,0.0554827927802399
2,614,0.00048420004857530063,0.05748685511959989,0.05797105516817519
2,615,-0.004797461258218158,0.05730996997331536,0.0525125087150972
2,616,-0.004516736136331023,0.058562795488856643,0.05404605935252562
2,617,-0.0038898491846919084,0.05788498661948014,0.05399513743478823
2,618,-0.004207378019091594,0.05835314618924217,0.05414576817015058
2,619,-0.002895742248014664,0.05683612652932646,0.053940384281311794
2,620,-0.004974819185196905,0.059334582833354105,0.0543597636481572
2,621,-0.004063534462888506,0.05787470511637784,0.05381117065348934
2,622,-0.004936870916711841,0.05787969981279683,0.05294282889608499
2,623,-0.0026102978986449893,0.05667497256730911,0.054064674668664124
2,624,-0.0013227649090976554,0.05628001618621223,0.05495725127711457
2,625,-0.00468828861400835,0.05979290828409845,0.0551046196700901
2,626,-0.0029052682869341664,0.05639125353846996,0.05348598525153579
2,627,-0.008700922434355537,0.05900028140654643,0.05029935897219089
2,628,0.0005419377546513546,0.05597177237227903,0.056513710126930385
2,629,-0.002426736471670035,0.0564024009076676,0.053975664435997564
2,630,-0.0019236962871547053,0.05571024692184803,0.05378655063469333
2,631,-0.004404537809171688,0.060535995270784994,0.056131457461613306
2,632,-0.003241040691054811,0.055883778244745844,0.05264273755369103
2,633,-0.003452457039307702,0.05903472827146519,0.05558227123215749
2,634,-0.0011368224640901162,0.05633837947270034,0.05520155700861022
2,635,-0.0034199467402906067,0.058365405337173784,0.05494545859688318
2,636,-0.0021521112675714285,0.05655677152413346,0.05440466025656203
2,637,-0.003554726032399126,0.060153985232807065,0.05659925920040794
2,638,-0.002859654613490241,0.05911341966306367,0.056253765049573426
2,639,-0.00540890595335991,0.05747763944715913,0.05206873349379922
2,640,-0.005665259382553474,0.05781074485299245,0.05214548547043898
2,641,-0.0026379859020868937,0.058875360318952116,0.05623737441686522
2,642,-0.004955213803331991,0.059114320936433144,0.05415910713310115
2,643,-0.003470811729593286,0.05767424825193334,0.054203436522340054
2,644,-0.004471411080617119,0.05853698148986657,0.054065570409249454
2,645,-0.0014820147834110411,0.056098150966417314,0.05461613618300627
2,646,-0.002974992195166032,0.05833986081089185,0.055364868615725815
2,647,-0.00012128598177449379,0.05858819699424364,0.05846691101246915
2,648,-0.003995998206450968,0.05742106701642821,0.053425068809977244
2,649,-0.0018704968360778451,0.05590279921644216,0.054032302380364314
2,650,-0.0042120927972979436,0.05862300407701471,0.05441091127971677
2,651,-0.006599664121359081,0.057732310369237885,0.051132646247878805
2,652,-0.0039323715317681335,0.05897265734074126,0.055040285808973126
2,653,-0.005891089064061827,0.05951837564025676,0.053627286576194935
2,654,-0.0016328834201371628,0.056533207014084395,0.05490032359394723
2,655,-0.004479549921635503,0.05661162046410728,0.05213207054247178
2,656,-0.0034204167013135306,0.06029318586905147,0.05687276916773794
2,657,-0.007006027833174451,0.059800625701327575,0.052794597868153124
2,658,-0.002245645566866364,0.056752263096156365,0.05450661752929
2,659,-0.0033203760468284924,0.05760011020599731,0.05427973415916882
2,660,-0.0038282270342502173,0.05740745240478319,0.053579225370532974
2,661,-0.004317311681422124,0.058224433702928284,0.05390712202150616
2,662,-0.002908549435346547,0.05815860410506455,0.055250054669718
2,663,-0.00029761587729938005,0.05479585974923971,0.05449824387194033
2,664,-0.00399510750070084,0.05895246322352564,0.0549573557228248
2,665,-0.003251633548978526,0.05877618175883954,0.05552454820986101
2,666,-0.008017665666428107,0.058031637910101866,0.05001397224367376
2,667,-0.004443527670802333,0.05753628479282094,0.05309275712201861
2,668,-0.002197094577787405,0.057268561741940414,0.05507146716415301
2,669,-0.005036836785078623,0.05808693998603445,0.05305010320095583
2,670,-0.0024273046880200974,0.057689459555284296,0.0552621548672642
2,671,-0.001654070341177663,0.05820852542894401,0.056554455087766346
2,672,-0.0038720970124244206,0.05991159451646963,0.05603949750404521
2,673,-0.0026149655826108384,0.05815103621044318,0.05553607062783234
2,674,-0.003241459081240114,0.05597346309703709,0.052732004015796974
2,675,-0.0032819705893304546,0.05697899468961401,0.053697024100283555
2,676,-0.003952522895225331,0.05842515842567051,0.05447263553044518
2,677,0.0005563770219925504,0.05624111089406715,0.0567974879160597
2,678,-0.0032661183712239528,0.05685633949511781,0.053590221123893854
2,679,-0.0029467108934791014,0.05734290235420327,0.05439619146072417
2,680,-0.0029852550311514,0.0588321305592048,0.0558468755280534
2,681,-0.004650163300585382,0.05799477363435754,0.053344610333772156
2,682,-0.0024633715924351,0.05837455420093685,0.05591118260850175
2,683,-0.0009425633020808746,0.058634703639130106,0.05769214033704923
2,684,-0.004152236160394972,0.05609592347086497,0.05194368731047
2,685,-0.002043478678047758,0.05612644963216506,0.0540829709541173
2,686,-0.002294367036816132,0.05669473263632016,0.05440036559950403
2,687,-0.0011597528371471433,0.05759566462401463,0.056435911786867486
2,688,-0.0036459623921722417,0.05734132314174032,0.05369536074956808
2,689,-0.0033477639910245785,0.05739796841260585,0.054050204421581274
2,690,-0.00620170109290516,0.059919221106312495,0.053717520013407336
2,691,-0.0031034786184717597,0.0576981989750202,0.05459472035654844
2,692,-0.006132448798876457,0.06065786890594806,0.05452542010707161
2,693,-0.0032954608535291988,0.05572569122215444,0.05243023036862524
2,694,-0.0010430252504661022,0.05503446940302865,0.053991444152562545
2,695,-0.002451253454211849,0.056458655171796324,0.054007401717584474
2,696,-0.002672333068028006,0.05835697581706822,0.05568464274904021
2,697,-0.0034990619000363835,0.05774175387138761,0.054242691971351224
2,698,-0.0013590016153285853,0.056263958268099455,0.05490495665277087
2,699,-0.003510333722737201,0.05721265419084694,0.053702320468109736
2,700,-0.0025529511464224552,0.05735373861560009,0.05480078746917764
2,701,-0.0027152094352028214,0.05811194551674099,0.05539673608153817
2,702,-0.0012037979816771627,0.05744678599085681,0.056242988009179644
2,703,-0.004660250141506124,0.05846341138990608,0.053803161248399956
2,704,-0.0038938477270236624,0.05659872445603327,0.05270487672900961
2,705,-0.003246380575738936,0.05946495391548144,0.056218573339742506
2,706,-0.003968452784976324,0.05903821037923273,0.055069757594256405
2,707,-0.005838165002370652,0.05885423025123761,0.053016065248866956
2,708,-0.005838165002370652,0.05885423025123761,0.053016065248866956
2,709,-0.00500999943960425,0.0592742444310402,0.05426424499143595
2,710,-0.0032619063875885465,0.05718204827295939,0.053920141885370844
2,711,-0.0007713485106163737,0.056388661843696126,0.05561731333307975
2,712,-0.0018295993961032,0.05721084355565623,0.05538124415955303
2,713,-0.003366710924400357,0.05780355340883307,0.054436842484432715
2,714,-0.005069386714909897,0.057566377460713976,0.05249699074580408
2,715,-0.0032033421594634542,0.05792604531493871,0.054722703155475255
2,716,-0.0036501559319817994,0.05768291481812083,0.05403275888613903
2,717,-0.004411094547694672,0.057690762969147436,0.053279668421452764
2,718,-0.002023371478555948,0.057564941772013045,0.0555415702934571
2,719,-0.0026988747938669344,0.05702466516320975,0.05432579036934282
2,720,-0.003821294155584569,0.057911478598765324,0.054090184443180755
2,721,-0.00256316897000982,0.05668226539108532,0.0541190964210755
2,722,-0.004033886199586244,0.057207516516795544,0.0531736303172093
2,723,-0.004286397534007502,0.05644282753029652,0.05215642999628902
2,724,-0.004681268985451542,0.0569312793026965,0.05225001031724496
2,725,-0.0032377275473137526,0.056299707857911836,0.053061980310598084
2,726,-0.0031858694026272658,0.055988766532468204,0.05280289712984094
2,727,-0.01031799420849537,0.05887262419891959,0.04855462999042422
2,728,-0.004002609247905069,0.05883440439436836,0.05483179514646329
2,729,-0.00395411196166813,0.05693102403449777,0.05297691207282964
2,730,-0.0032351274759833057,0.059742785449269566,0.05650765797328626
2,731,-0.005208950587014427,0.05789847968832747,0.05268952910131304
2,732,-0.004092847387344993,0.05768714239604076,0.053594295008695766
2,733,-0.006373519622368366,0.05986118429795808,0.05348766467558971
2,734,-0.0047606255867048836,0.05823951516363627,0.053478889576931386
2,735,-0.0024659043410053816,0.05845377154845699,0.05598786720745161
2,736,-0.004054662576488975,0.057093465881451276,0.0530388033049623
2,737,-0.004209128484498233,0.05910389078077297,0.05489476229627474
2,738,-0.001078257050427911,0.057082777546255875,0.056004520495827964
2,739,-0.00463546484354406,0.057674082361673554,0.053038617518129494
2,740,-0.0038927992979520473,0.05722877475284316,0.05333597545489111
2,741,-0.002442910401900901,0.05647501306704042,0.05403210266513952
2,742,-0.003602715442559759,0.05734828086229131,0.05374556541973155
2,743,-0.0040762232273713825,0.056269699378949586,0.052193476151578204
2,744,-0.00021470868747416882,0.05537572683553927,0.0551610181480651
2,745,-0.003693042370213888,0.05930101315581301,0.05560797078559912
2,746,-0.003732542627368815,0.057475142356163085,0.05374259972879427
2,747,-0.001868147412070545,0.056661187525529885,0.05479304011345934
2,748,-0.004510963584623447,0.05809545694815022,0.053584493363526775
2,749,-0.00035135526641918297,0.056978870344361846,0.05662751507794266
2,750,-0.004225398510153966,0.05761428215974007,0.053388883649586105
2,751,0.0014017541783211546,0.05555491880831644,0.0569566729866376
2,752,-0.006109449974230956,0.05878241586508722,0.052672965890856266
2,753,-0.0039735763851452485,0.05933923749798125,0.055365661112836
2,754,-0.0039261619468143605,0.05807982788585928,0.05415366593904492
2,755,-0.003326057682372499,0.056966917251966,0.0536408595695935
2,756,-0.0014597427484906514,0.057553211273745,0.05609346852525435
2,757,-0.003568324845330796,0.05877360476732354,0.05520527992199274
2,758,-0.0025188080000556334,0.0578066622553112,0.055287854255255564
2,759,-7.72255554415402e-6,0.056404198949374054,0.0563964763938299
2,760,-0.00501550939680858,0.061069066537983344,0.05605355714117476
2,761,-0.0011014299855928722,0.05604369004750622,0.05494226006191335
2,762,-0.005026678017121755,0.05931870150403426,0.054292023486912505
2,763,-0.0034073596368498424,0.057180039808137094,0.05377268017128725
2,764,-0.003847708516239688,0.05804823952798121,0.05420053101174152
2,765,-0.002622178630089525,0.0574419926808024,0.05481981405071287
2,766,-0.0024617005597694086,0.056828893984730344,0.054367193424960936
2,767,-0.0038309008298452255,0.0588342461010739,0.055003345271228674
2,768,-0.005385000569373508,0.0577134931354892,0.05232849256611569
2,769,-0.0033413388662334315,0.0585648319211049,0.05522349305487147
2,770,-0.002584964425496661,0.05713198763131348,0.05454702320581682
2,771,-0.0053820665716939955,0.057424785048467014,0.05204271847677302
2,772,-0.006028060322937151,0.0585765613220198,0.05254850099908265
2,773,-0.00533392810080343,0.059060083849232975,0.053726155748429545
2,774,-0.004856734504733479,0.057651556019309116,0.05279482151457564
2,775,-0.005681442158519227,0.058920085207800434,0.053238643049281206
2,776,-0.002914739937684749,0.0577914914121664,0.05487675147448165
2,777,-0.006936972395903268,0.05913703646582434,0.05220006406992107
2,778,-0.0009303203347793276,0.05823690880328305,0.05730658846850372
2,779,-0.007261192446241592,0.059383807255075305,0.05212261480883371
2,780,-0.006445178779116004,0.05851386498846383,0.05206868620934783
2,781,-0.002628946485439404,0.057014593992566275,0.05438564750712687
2,782,-0.005407417770965234,0.0584069500336218,0.052999532262656565
2,783,-0.00394123164290458,0.05725053659378056,0.05330930495087598
2,784,-0.004783815714726955,0.0589410880907542,0.05415727237602724
2,785,-0.0037270617365285155,0.05824058852409412,0.0545135267875656
2,786,-0.00741574626697411,0.06010292889091942,0.05268718262394531
2,787,0.000451931190436225,0.05615043067052809,0.05660236186096432
2,788,-0.0025376978078432352,0.058121979548842566,0.05558428174099933
2,789,-0.0032719526256659234,0.05786966404168897,0.05459771141602305
2,790,-0.0024524081265960562,0.05762023475197383,0.055167826625377774
2,791,-0.004497967582375098,0.0585737858904572,0.0540758183080821
2,792,-0.00394546108613688,0.05839900610165623,0.05445354501551935
2,793,-0.003489048419832344,0.057764832857123576,0.05427578443729123
2,794,-0.00404075759164399,0.05712992662263023,0.05308916903098624
2,795,-0.0027266365295051734,0.057495121464898095,0.05476848493539292
2,796,-0.003846525272489562,0.057045883882747166,0.053199358610257604
2,797,-0.002006997796121235,0.056780959914384324,0.05477396211826309
2,798,-0.00697470700104675,0.060829271374768394,0.053854564373721645
2,799,-0.0015133843147423845,0.056237640179553745,0.05472425586481136
2,800,-0.0036352988331560046,0.058904431055834906,0.0552691322226789
2,801,-0.0024229495330579318,0.05802851317918041,0.05560556364612248
2,802,-0.003938646072499601,0.05776835346483656,0.05382970739233696
2,803,-0.001837265389702289,0.05734836877724006,0.05551110338753777
2,804,-0.002339288889308788,0.0566410898621101,0.05430180097280131
2,805,-0.0018119571649589938,0.0580260795101943,0.056214122345235304
2,806,-0.0013083671349074788,0.0569104302971018,0.05560206316219432
2,807,-0.00309415178664528,0.057946102671242075,0.054851950884596795
2,808,-0.007000364983545615,0.06008619783108173,0.05308583284753612
2,809,-0.002489741125395614,0.05682636098040233,0.054336619855006714
2,810,-0.0024446418931862446,0.0573998929801862,0.05495525108699995
2,811,-0.004124617641205974,0.06000052852330585,0.05587591088209987
2,812,-0.004224658842225407,0.0599775005764424,0.05575284173421699
2,813,-0.0055235584554714015,0.059696377881334015,0.05417281942586261
2,814,-0.0036446911660355935,0.0577685396148886,0.054123848448853006
2,815,-0.003892948705709068,0.05732748472883934,0.05343453602313027
2,816,-0.006646421270984734,0.05786605655194257,0.05121963528095783
2,817,-0.0051438357862827605,0.0578711483799432,0.05272731259366044
2,818,-0.00040247379912119324,0.0568268619706484,0.05642438817152721
2,819,-0.004075703757318888,0.05772496459088592,0.05364926083356703
2,820,-0.005347058760558625,0.058306980144298595,0.05295992138373997
2,821,-0.005827827698860977,0.05918004640849469,0.05335221870963371
2,822,0.00010219471161345556,0.05603216581137652,0.05613436052298998
2,823,-0.0059715786704338525,0.05869165224849201,0.052720073578058156
2,824,-0.00462765770532899,0.057700969853162365,0.053073312147833375
2,825,-0.0045216100780430535,0.06052259060822,0.05600098053017695
2,826,-0.004846299633244587,0.05824300481022542,0.053396705176980835
2,827,-0.00582753071572812,0.05904150123700945,0.05321397052128133
2,828,-0.004320020600102233,0.056548399352531836,0.052228378752429604
2,829,-0.003594805802999264,0.05883868731947123,0.055243881516471964
2,830,-0.0054733719733521535,0.05779913920955408,0.05232576723620193
2,831,-0.006976758939686745,0.05986722991775963,0.05289047097807289
2,832,-0.005019993147977894,0.057826427378007486,0.05280643423002959
2,833,-0.004590994419734332,0.05872079241933315,0.05412979799959882
2,834,0.0003425331750618321,0.056097383129581326,0.05643991630464316
2,835,-0.004009869897490609,0.05849198603398545,0.05448211613649484
2,836,-0.0034392016044308,0.0577356220579021,0.0542964204534713
2,837,-0.002079415129533184,0.0578729120338416,0.05579349690430842
2,838,-0.005865642548481785,0.05884959015260937,0.052983947604127585
2,839,-0.0054616673410409974,0.057659310747959706,0.05219764340691871
2,840,-0.006288949087622002,0.058029297989996925,0.05174034890237492
2,841,-0.0028833628648678097,0.05781485998541218,0.05493149712054437
2,842,-0.0013894543245421345,0.0570722035639118,0.05568274923936967
2,843,-0.0032175598039979533,0.05942770140433823,0.056210141600340276
2,844,-0.003354509642563931,0.05841327681856617,0.05505876717600224
2,845,-0.004976262772917253,0.058774624827181855,0.0537983620542646
2,846,-0.0031764413131477875,0.057422890343222906,0.05424644903007512
2,847,-0.00431480153736874,0.057792473056433404,0.053477671519064664
2,848,-0.000920137911214744,0.05680338463046105,0.055883246719246306
2,849,-0.00650557954766668,0.059351278702519064,0.052845699154852384
2,850,-0.0013698491523533168,0.05802778847520116,0.05665793932284784
2,851,-0.005624939369716947,0.05825214172265419,0.05262720235293724
2,852,0.00016410631406169052,0.05631390651604558,0.05647801283010727
2,853,-0.007597100201709596,0.05993190736739111,0.052334807165681514
2,854,-0.006030818917956503,0.05900832784357168,0.052977508925615174
2,855,-0.002480493377849488,0.05692873724737238,0.05444824386952289
2,856,-0.007367336838427246,0.059909928135223486,0.05254259129679624
2,857,-0.0018256977691071125,0.0575613785660313,0.05573568079692419
2,858,-0.0020052403506197747,0.05717196023158409,0.05516671988096432
2,859,-0.005007972949667483,0.05809564035746573,0.053087667407798245
2,860,-0.0043166572035318665,0.05720131783211885,0.05288466062858698
2,861,-0.0035390036134322483,0.058299341134471536,0.05476033752103929
2,862,-0.0028427745925550113,0.057721943312055816,0.054879168719500805
2,863,-0.0017839789423790137,0.0569595734158012,0.055175594473422185
2,864,-0.002674663467121502,0.055528630980856364,0.05285396751373486
2,865,-0.002913000301659009,0.05545289337666809,0.05253989307500908
2,866,-0.003276505764678493,0.058942448856630296,0.0556659430919518
2,867,-0.003872052185690554,0.05754878246928818,0.05367673028359762
2,868,-0.003934106506405952,0.057181829717655834,0.05324772321124988
2,869,-0.0037235070055939984,0.05701375194472666,0.05329024493913266
2,870,-0.0035891064885624144,0.059423353251698376,0.05583424676313596
2,871,-0.0027653861635678137,0.058092223300848664,0.05532683713728085
2,872,-0.00243529545703821,0.05673360054417189,0.05429830508713368
2,873,-0.0035096255460961012,0.05818991619195149,0.05468029064585539
2,874,-0.0031359906384287248,0.05811022369088138,0.05497423305245266
2,875,-0.0027618743462528017,0.05861831225174375,0.05585643790549095
2,876,-0.004283456735274284,0.05849004934029014,0.054206592605015855
2,877,-0.005158570681633522,0.05680756928466241,0.051648998603028885
2,878,-0.0032400244290868296,0.05714356022199255,0.05390353579290572
2,879,-0.006114089554986893,0.05875427539370026,0.05264018583871337
2,880,-0.004103394912209853,0.05800050488939608,0.053897109977186226
2,881,-0.003913431631710221,0.0584892968811933,0.05457586524948308
2,882,-0.003906811991964826,0.05852662975519884,0.05461981776323401
2,883,-0.0009555551916353294,0.05593080315780374,0.054975247966168414
2,884,-0.007117154917993945,0.05839734465379611,0.051280189735802166
2,885,-0.004956159009428966,0.057976357880065235,0.05302019887063627
2,886,-0.0028657401746744054,0.0577049959763333,0.054839255801658895
2,887,-0.004288976764777977,0.056128282537599175,0.0518393057728212
2,888,-0.003581673352933995,0.05637106146078652,0.052789388107852525
2,889,-0.0028721350944903093,0.05776322739850226,0.05489109230401195
2,890,-0.0018922784710472679,0.05679879831361965,0.05490651984257238
2,891,-0.0019442257784163183,0.05677462311740925,0.054830397338992934
2,892,-0.001092868504969799,0.05497230879026436,0.05387944028529456
2,893,-0.00570590303377911,0.059316807087083416,0.053610904053304306
2,894,-0.0056176662430205485,0.0571078575586679,0.05149019131564735
2,895,-0.003014838685406536,0.05770283899194857,0.054688000306542035
2,896,0.0004780253664152592,0.056783746202983085,0.057261771569398344
2,897,-0.004222297849059656,0.05922637195859373,0.055004074109534076
2,898,-0.0040748375106615525,0.058318333072773246,0.05424349556211169
2,899,-0.005255275011552291,0.0584859897707987,0.05323071475924641
2,900,-0.00595193136280911,0.057733506126955075,0.051781574764145966
2,901,-0.0024523288048074743,0.05671618685366818,0.054263858048860705
2,902,-0.0030865273874019217,0.0589893754626559,0.05590284807525398
2,903,-0.004609540474839455,0.05627879974274235,0.051669259267902896
2,904,-0.0038783619545852063,0.05798697064786769,0.05410860869328248
2,905,-0.0005413342995792547,0.056808918108840575,0.05626758380926132
2,906,-0.002026469511223296,0.05767211923870462,0.055645649727481324
2,907,-0.00363496694219545,0.05728574777676465,0.0536507808345692
2,908,-0.005404525008781157,0.057633578436981484,0.05222905342820033
2,909,-0.004868919892909551,0.05937909591116914,0.05451017601825959
2,910,-0.00016329720464410002,0.05682335247100827,0.05666005526636417
2,911,-0.0033030199330878127,0.05726251587170921,0.0539594959386214
2,912,-0.004248313033438783,0.058735913606824834,0.05448760057338605
2,913,-0.005842222257198021,0.060054243907127484,0.054212021649929464
2,914,-0.005281748420001391,0.059309162459326846,0.054027414039325455
2,915,-0.0072627512613595915,0.05923951801387604,0.051976766752516446
2,916,-0.00385621136076731,0.05858479806353947,0.05472858670277216
2,917,-0.003356139342746589,0.05911216766784389,0.0557560283250973
2,918,-0.0025840736909369666,0.05664051425539652,0.05405644056445955
2,919,-0.0032110615071264184,0.05840639714959944,0.055195335642473024
2,920,-0.002930144547092152,0.05848958685944453,0.05555944231235238
2,921,-0.003387633004030062,0.05762991887584923,0.05424228587181917
2,922,-0.002559950736036966,0.05632212609185461,0.05376217535581764
2,923,-0.0018953541253709516,0.0587739838483022,0.05687862972293125
2,924,-0.0023713708289172103,0.05623894331961868,0.05386757249070147
2,925,-0.0030772478479426935,0.05728976306268276,0.05421251521474007
2,926,-0.003130510609824569,0.057535365792309286,0.05440485518248472
2,927,-0.0034758253675452044,0.05839806462200328,0.05492223925445808
2,928,-0.0025849370283191064,0.05605635309706505,0.05347141606874594
2,929,-0.0039779565417406015,0.057656263438466755,0.053678306896726154
2,930,-0.0026278381234099146,0.05675364116616353,0.05412580304275361
2,931,-0.003255884457021782,0.05705014718132397,0.05379426272430219
2,932,-0.004143354953329452,0.05694012810510853,0.05279677315177908
2,933,-0.0042744100153631545,0.05817404204255099,0.05389963202718784
2,934,-0.0034750464459965824,0.057488761058472726,0.054013714612476144
2,935,-0.0026951042330349076,0.05800534334341584,0.05531023911038093
2,936,-0.00629014828788288,0.060040559478457135,0.053750411190574256
2,937,-0.003285419889152104,0.05809308499729209,0.05480766510813999
2,938,-0.0041903347170354766,0.0591880505954576,0.05499771587842212
2,939,-0.004690170449339025,0.058402013892510804,0.05371184344317178
2,940,-0.004117817606880507,0.05819942842654185,0.05408161081966134
2,941,-0.0050375790792241415,0.059034931958373296,0.053997352879149155
2,942,-0.0016935311066928818,0.05636356558678346,0.05467003448009058
2,943,-0.004711386808632673,0.0572437001353511,0.05253231332671843
2,944,-0.0020350582103648013,0.05838949695538786,0.05635443874502306
2,945,-0.0058472687157082245,0.05941711510250821,0.053569846386799985
2,946,-0.008213588907986381,0.05961141791577104,0.05139782900778466
2,947,-0.0011226399073726023,0.057242047886063394,0.05611940797869079
2,948,-0.005978417509923888,0.058190246737245176,0.05221182922732129
2,949,-0.0032187530627687602,0.05769377011125892,0.05447501704849016
2,950,-0.0027025334881987384,0.05870212679322816,0.05599959330502942
2,951,-0.0011391543686127617,0.05758888789971007,0.05644973353109731
2,952,-0.004325060163853207,0.057167122602722796,0.05284206243886959
2,953,-0.004514632748092003,0.05782412576710053,0.05330949301900853
2,954,-0.00719485646768573,0.05929150698857481,0.05209665052088908
2,955,-0.004331874267019184,0.057306844494495815,0.05297497022747663
2,956,-0.001487540406329868,0.056895643336548035,0.05540810293021817
2,957,-0.005569238996843716,0.05894177063177644,0.053372531634932725
2,958,-0.001335092471538027,0.05685447736956821,0.05551938489803018
2,959,-0.003471038160107638,0.05625454164440638,0.05278350348429874
2,960,-0.005602189596556541,0.05927849844088191,0.05367630884432537
2,961,-0.0033700482324650755,0.057619857830642454,0.05424980959817738
2,962,-0.002846065437732935,0.0571280548675533,0.05428198942982036
2,963,-0.0017168776061917343,0.05652347602873809,0.05480659842254636
2,964,-0.003483867129548582,0.05954579612572372,0.05606192899617514
2,965,-0.0042130301257755146,0.05680760250254704,0.05259457237677152
2,966,-0.0013841686837721828,0.05874983986224345,0.057365671178471266
2,967,-0.004327164911416069,0.05945933246252497,0.055132167551108904
2,968,-0.005486865478047991,0.05925006723544045,0.05376320175739246
2,969,-0.0020392088033573397,0.05798524491922439,0.05594603611586705
2,970,-0.0012524143805974913,0.057641611630009346,0.056389197249411854
2,971,-0.006856534291667833,0.05996237118202216,0.05310583689035433
2,972,0.0018990135374071099,0.05619446564468758,0.05809347918209469
2,973,-0.00637988323582548,0.057990504996089494,0.051610621760264014
2,974,-0.0032069649824730817,0.05712486010034783,0.053917895117874745
2,975,-0.0017707224984899184,0.0582366261854,0.05646590368691008
2,976,-0.002729659599856188,0.05889852063528946,0.056168861035433275
2,977,-0.0047940504630869935,0.059866559273126355,0.05507250881003936
2,978,-0.00336478775814128,0.05662111004390259,0.05325632228576131
2,979,-0.003244216416941219,0.05789171967764626,0.05464750326070504
2,980,-0.0034219975701965805,0.0585106147392254,0.05508861716902882
2,981,-0.003254591237355338,0.057413855125264084,0.054159263887908746
2,982,-0.005326777592272333,0.06009622514907884,0.05476944755680651
2,983,-0.004943900969745278,0.05714661072344042,0.05220270975369514
2,984,-0.002095376666038949,0.05789184249444863,0.05579646582840968
2,985,-0.0031850197674718056,0.05908799404077996,0.055902974273308155
2,986,-0.0021714619042922864,0.058585711893732254,0.05641424998943997
2,987,-0.005167845600710187,0.05879173018541938,0.053623884584709194
2,988,-0.0009764421845770838,0.05741289946772253,0.05643645728314545
2,989,-0.0016888045507086752,0.058057357945525426,0.05636855339481675
2,990,-0.0015808441392727718,0.05709322164715177,0.055512377507879
2,991,-0.0005469383224173535,0.057365881923188616,0.05681894360077126
2,992,-0.0038822762563407304,0.057469757323656986,0.053587481067316256
2,993,-0.0026604742129403697,0.05687778961331525,0.05421731540037488
2,994,-0.00501943977539316,0.058385595135663236,0.053366155360270076
2,995,-0.0018339723930197935,0.0572887575631741,0.05545478517015431
2,996,-0.008107569919635585,0.061869430302883104,0.05376186038324752
2,997,-0.0022643155314536964,0.058127640673094616,0.05586332514164092
2,998,-0.006593129107910378,0.05840242172856206,0.05180929262065168
2,999,-0.005125949821152415,0.05832711952136955,0.053201169700217134
3,0,0.00026924005803516393,0.05691542175426919,0.05718466181230435
3,1,-0.004044179429859636,0.058524419701464686,0.05448024027160505
3,2,-0.002728446084865402,0.05970421292481732,0.05697576683995192
3,3,-0.004367514915608266,0.05978242007931997,0.055414905163711704
3,4,-0.0005722261766811787,0.05723723461240026,0.05666500843571908
3,5,-0.0053024930122142,0.058385550657176384,0.053083057644962184
3,6,-0.0021755471929427936,0.058411720560177335,0.05623617336723454
3,7,-0.00441451557894465,0.05543227280258251,0.05101775722363786
3,8,-0.0030493600754168473,0.05582146015705067,0.05277210008163382
3,9,-0.00021166778160291305,0.05861416590891006,0.05840249812730715
3,10,-0.005334866329199647,0.05750938122326532,0.052174514894065674
3,11,-0.0026189714100980713,0.05658032603457875,0.05396135462448068
3,12,-0.007262573406514566,0.05974269832892371,0.052480124922409145
3,13,-0.002398592898457799,0.05750310403261141,0.055104511134153614
3,14,-0.005384266030597051,0.05681311493130948,0.05142884890071243
3,15,-0.0007968512360249924,0.056413838700979595,0.0556169874649546
3,16,-0.0018037337527597591,0.057882852754392006,0.05607911900163225
3,17,-0.0028863537948102883,0.056708872740563666,0.05382251894575338
3,18,-0.003903114413803796,0.05807046313675617,0.054167348722952376
3,19,-0.005265669696628894,0.05946876548024477,0.05420309578361587
3,20,-0.003151696287698069,0.056919684017675574,0.053767987729977505
3,21,-0.004605144538145485,0.05696334921368866,0.052358204675543175
3,22,-0.005516461714525453,0.05905953010855855,0.0535430683940331
3,23,-0.004821682273759342,0.057397143782583905,0.05257546150882456
3,24,-0.0017449083504261498,0.0573545300896557,0.05560962173922955
3,25,-0.004632059812535505,0.056681328847568345,0.05204926903503284
3,26,-0.0025863271132365306,0.0577465770501554,0.05516024993691887
3,27,-0.006923661492864705,0.057876433121073004,0.0509527716282083
3,28,-0.004227160504921057,0.058289208199345736,0.05406204769442468
3,29,-0.003075252001154348,0.058899999315560066,0.05582474731440572
3,30,-0.0031959737791877607,0.05776280560969722,0.054566831830509456
3,31,-0.007825632046436173,0.060679720498514146,0.05285408845207797
3,32,-0.001013598914451394,0.058417989018546564,0.05740439010409517
3,33,-0.002542003501168552,0.05706390366478887,0.05452190016362032
3,34,-0.0033755404437244146,0.0558615964937952,0.052486056050070784
3,35,-0.002281558487653261,0.05762181504702997,0.05534025655937671
3,36,-0.0036515899466273774,0.058439381581232366,0.05478779163460499
3,37,-0.0034696780707737934,0.058912126860731606,0.05544244878995781
3,38,-0.006190215469328485,0.06008014367443961,0.053889928205111126
3,39,-0.0042634836224874975,0.058439966025152904,0.054176482402665406
3,40,-0.005609101946647932,0.05859086996486467,0.05298176801821674
3,41,-0.00475548415130668,0.059418477360253116,0.05466299320894644
3,42,-0.0018167862662605144,0.056905925394430686,0.05508913912817017
3,43,-0.0026000289534326565,0.05821259807608923,0.05561256912265657
3,44,-0.003712085342771891,0.058043218731132336,0.054331133388360445
3,45,-0.0021367448709778553,0.05759919397236912,0.05546244910139127
3,46,-0.0044365415976204345,0.05689686732438608,0.05246032572676564
3,47,-0.002827433947354782,0.05780299901997689,0.05497556507262211
3,48,-0.004221936182202603,0.05832918480315847,0.05410724862095587
3,49,-0.002122941536581241,0.058327103258950616,0.056204161722369375
3,50,-0.006028078369220383,0.05685502828029103,0.050826949911070646
3,51,-0.004876200129142257,0.0587005383022689,0.053824338173126644
3,52,-0.002973590445615376,0.0580824792219789,0.055108888776363524
3,53,-0.004628623705538744,0.059196490928731804,0.05456786722319306
3,54,-0.0030953619529771187,0.05903516738432601,0.05593980543134889
3,55,-0.004547356352898359,0.058028099761923586,0.05348074340902523
3,56,-0.0018898169075777238,0.056138264150884035,0.05424844724330631
3,57,-0.0033591536698969818,0.0579088683387473,0.05454971466885032
3,58,-0.0026434049599675796,0.0571897431930841,0.05454633823311652
3,59,-0.004513234860473989,0.05704872151648903,0.05253548665601504
3,60,-0.0034417721776931684,0.059233642684746415,0.05579187050705325
3,61,-0.0022358874898436853,0.05759468123944569,0.055358793749602
3,62,-0.0023978488921235913,0.05793322585130327,0.05553537695917968
3,63,-0.0041440037281426575,0.05793515042276228,0.053791146694619624
3,64,-0.002513237772889386,0.06002702884741922,0.057513791074529835
3,65,-0.003986103042403759,0.05837073447013043,0.05438463142772667
3,66,-0.0046682942378832165,0.05841698000025519,0.053748685762371975
3,67,-0.0054139293517284845,0.06033902351012962,0.05492509415840113
3,68,-0.0048917400911416,0.056975566270015376,0.05208382617887378
3,69,-0.003781311011023171,0.05775083776776013,0.05396952675673696
3,70,-0.0030108123369670114,0.05634752184571441,0.0533367095087474
3,71,-0.002737174241204579,0.05894675531350385,0.05620958107229927
3,72,-0.002454725591345165,0.05798160856649474,0.05552688297514957
3,73,-0.0018865873573324365,0.05703204984934578,0.055145462492013346
3,74,-0.0023817986108724334,0.05879096967372767,0.056409171062855236
3,75,-0.005010000968619338,0.059493658435351114,0.054483657466731776
3,76,-0.00440645139328804,0.058365466730223914,0.053959015336935874
3,77,-0.002510753250632339,0.057987965030401656,0.05547721177976932
3,78,-0.0030349308757258997,0.058419592572165634,0.055384661696439734
3,79,-0.004624814267451774,0.05837563924438535,0.05375082497693358
3,80,-0.003451895766605921,0.05829308988636586,0.05484119411975994
3,81,-0.005240144107805315,0.057561417261418765,0.05232127315361345
3,82,-0.003910726871750529,0.05727500805553634,0.05336428118378581
3,83,-0.0045269641641024275,0.05854554833927482,0.05401858417517239
3,84,-0.002294713938163419,0.057776853557490446,0.05548213961932703
3,85,-0.0034937907259127224,0.05734350775421757,0.05384971702830485
3,86,-0.0005541203656158136,0.05609229878905221,0.0555381784234364
3,87,-0.004486572812520684,0.0586537714058047,0.05416719859328402
3,88,-0.002228545308341573,0.05615369232570299,0.05392514701736142
3,89,-0.003247738114275471,0.05646424710518098,0.053216508990905506
3,90,-0.0018639054622566764,0.05729034765817074,0.05542644219591406
3,91,-0.004980934421410975,0.05907874874213317,0.05409781432072219
3,92,-0.0010162627259473755,0.05755977916326258,0.05654351643731521
3,93,-0.003845581090798425,0.05880898009128485,0.054963399000486426
3,94,-0.0047640156652313664,0.05692009012741822,0.052156074462186855
3,95,-0.0009718105318097248,0.05759718212200067,0.056625371590190945
3,96,-0.005754842410635001,0.05921331085552833,0.053458468444893326
3,97,-0.0029136569424243683,0.057641447199629,0.05472779025720463
3,98,-0.002698520543802471,0.05700460675915931,0.05430608621535684
3,99,-0.005146536063884606,0.05952681806839445,0.054380282004509846
3,100,-0.0039165764588354815,0.05688888230705459,0.05297230584821911
3,101,-0.00366970045319899,0.05776855365311115,0.05409885319991216
3,102,-0.003234045679162814,0.05785920809393646,0.054625162414773644
3,103,-0.00782098248222677,0.06037883426126392,0.05255785177903715
3,104,0.0010585295572805367,0.053599753646712774,0.05465828320399331
3,105,-0.00522553356070414,0.05883354662993731,0.05360801306923317
3,106,-0.005904057880404628,0.06047719474303996,0.05457313686263533
3,107,-0.004983838192423658,0.06044096667510827,0.05545712848268461
3,108,-0.004702725812876521,0.05932590790053765,0.05462318208766113
3,109,-0.005082607220472428,0.058431544540259055,0.05334893731978663
3,110,-0.0033940709726630602,0.05957987597188801,0.05618580499922495
3,111,-0.0051419407129404335,0.05777471882690102,0.05263277811396059
3,112,-0.004092630981543784,0.058980289168493294,0.05488765818694951
3,113,-0.001387791006282349,0.056767864747920484,0.055380073741638135
3,114,-0.00400385706676485,0.058636371270536176,0.054632514203771326
3,115,-0.004755930751306037,0.05825168151775278,0.05349575076644674
3,116,-0.0031958809140131134,0.05759095547603541,0.0543950745620223
3,117,-0.004861964328338464,0.05922932080516993,0.05436735647683147
3,118,-0.002827217506126238,0.05807480660781736,0.05524758910169112
3,119,-0.005769916025597337,0.05795530502019034,0.052185388994593004
3,120,-0.004136964041706333,0.05920296600537992,0.05506600196367359
3,121,-0.002863125523449285,0.057392344977400374,0.05452921945395109
3,122,-0.0038830862252429363,0.05934928829853396,0.055466202073291025
3,123,-0.0034320060963436844,0.05723257395458308,0.0538005678582394
3,124,-0.005324214668795346,0.058019563913547074,0.05269534924475173
3,125,-0.004318308661608372,0.05896030463300789,0.054641995971399515
3,126,-0.0015151040425482945,0.05865976479751003,0.05714466075496174
3,127,-0.003267249137357507,0.05860045137306574,0.055333202235708236
3,128,-0.001198515520751467,0.05828735724913798,0.05708884172838651
3,129,-0.002736963441922813,0.057542660322285784,0.05480569688036297
3,130,-0.006228331587935794,0.06021947199986482,0.053991140411929026
3,131,-0.004807762968648578,0.05874509362464883,0.05393733065600025
3,132,-0.001230298235827855,0.05665481045250933,0.055424512216681474
3,133,-0.002915907109540608,0.05818217017661512,0.05526626306707451
3,134,-0.003816960753659941,0.05773052894757744,0.0539135681939175
3,135,-0.0013126519976207757,0.056240764007537636,0.05492811200991686
3,136,-0.00009154111434986345,0.058003258254663494,0.05791171714031363
3,137,-0.000888713818447219,0.05590218439607372,0.055013470577626504
3,138,0.0013595939439264432,0.05689101020184289,0.05825060414576933
3,139,0.0004863975299784287,0.0546217893457111,0.05510818687568953
3,140,-0.00198157309844111,0.058191269452188055,0.056209696353746945
3,141,-0.005398443633892205,0.059051571548564684,0.05365312791467248
3,142,0.000543334845149207,0.05551055242145497,0.05605388726660418
3,143,-0.0040994126670111306,0.057651969485431775,0.053552556818420645
3,144,-0.004775421895471088,0.056371604701299434,0.051596182805828346
3,145,-0.0027699876662773404,0.056333722632370714,0.053563734966093374
3,146,-0.0029015645798746853,0.05794977000228544,0.055048205422410755
3,147,-0.004899417355789276,0.05875880498459373,0.053859387628804455
3,148,-0.005803372113318307,0.05762924168697466,0.051825869573656355
3,149,-0.0043799318894833725,0.05939121121572892,0.05501127932624555
3,150,-0.003282789870559577,0.05831926050652533,0.055036470635965756
3,151,-0.004613941650197136,0.05828535470853708,0.053671413058339945
3,152,-0.007121904312342303,0.06052752911594181,0.053405624803599505
3,153,-0.005195581849856995,0.057504561085920454,0.05230897923606346
3,154,-0.002272791840637625,0.05801661635071978,0.055743824510082154
3,155,-0.0028796108699331788,0.057612443222107346,0.05473283235217417
3,156,-0.002863246265174667,0.058535091621212405,0.05567184535603774
3,157,-0.004969766639331241,0.05773652910580809,0.05276676246647685
3,158,-0.0017322181391750333,0.057083638726362344,0.05535142058718731
3,159,-0.0022877976347711396,0.05673639852841378,0.05444860089364264
3,160,-0.0030346111157410066,0.05756648358028563,0.05453187246454462
3,161,-0.002405537071149891,0.05786946547827435,0.05546392840712446
3,162,-0.00508840037303028,0.05883574887261036,0.05374734849958008
3,163,-0.005397630747841067,0.059610237214713306,0.05421260646687224
3,164,-0.004050541809961582,0.058075326710134025,0.05402478490017244
3,165,-0.0014648075593651777,0.05753983661303237,0.056075029053667194
3,166,-0.0017968405753715916,0.056532097966554375,0.05473525739118278
3,167,-0.007864623705814547,0.05868294390121392,0.05081832019539937
3,168,-0.00040895641294812213,0.05716314167189225,0.05675418525894413
3,169,-0.004877152877795332,0.0585984758993463,0.05372132302155097
3,170,-0.0041710095758963825,0.05906886403862509,0.054897854462728705
3,171,0.0008781724612261996,0.05546120795943433,0.05633938042066053
3,172,4.324612786391069e-6,0.05575679807178539,0.055761122684571784
3,173,-0.006631173768219326,0.060808800541208435,0.05417762677298911
3,174,-0.003972568427202464,0.058076595337499974,0.05410402691029751
3,175,-0.004492033839976102,0.058588128626334425,0.05409609478635832
3,176,-0.0028858367749929545,0.058089169251734726,0.05520333247674177
3,177,-0.0038798973466253467,0.05795575969101469,0.054075862344389346
3,178,-0.0009566516163091177,0.056402169364107406,0.05544551774779829
3,179,-0.0028537914415529483,0.05571089892250064,0.05285710748094769
3,180,-0.003460129721840205,0.05867036521174503,0.05521023548990483
3,181,-0.0031902551776382612,0.05792058967371562,0.05473033449607736
3,182,-0.002505123417571538,0.05873624227831057,0.05623111886073903
3,183,-0.003284478449667519,0.05740100702355641,0.05411652857388889
3,184,-0.004109160237845397,0.057929278203727584,0.05382011796588219
3,185,-0.0022495640993859464,0.05677175076226283,0.054522186662876886
3,186,-0.0014640331235984197,0.05747696215045545,0.05601292902685703
3,187,-0.0050497809419205245,0.05925744276813898,0.05420766182621846
3,188,-0.0024647239887220437,0.05923666687226568,0.05677194288354363
3,189,-0.004038304660907682,0.05968162584625637,0.05564332118534869
3,190,-0.0066335833931539315,0.06004805042691047,0.05341446703375654
3,191,-0.00046065148049984767,0.057614298136299875,0.05715364665580003
3,192,-0.007960205757650336,0.06177253335490449,0.053812327597254156
3,193,-0.003303571553219732,0.056331256855150766,0.053027685301931034
3,194,-0.0042364307140307575,0.0565512826948007,0.05231485198076994
3,195,-0.001626119238289661,0.05717020480582936,0.055544085567539696
3,196,-0.004497368239708324,0.05876416274090699,0.054266794501198666
3,197,-0.0028912551723239907,0.05742970191835203,0.05453844674602804
3,198,-0.0028922168019292205,0.05856103548871995,0.05566881868679073
3,199,-0.003086506375528833,0.05591749606139919,0.052830989685870355
3,200,-0.0035172351000692936,0.05897850279193102,0.05546126769186173
3,201,-0.0017088113054657822,0.056440966194221155,0.05473215488875537
3,202,-0.004220535434371918,0.05922159832660932,0.055001062892237405
3,203,-0.008572323060248722,0.05943541673556757,0.05086309367531885
3,204,-0.005146325165019172,0.05756916603347724,0.05242284086845807
3,205,-0.0037191023914661045,0.058676341637252785,0.05495723924578668
3,206,-0.0044515176647763124,0.058088447303538765,0.05363692963876245
3,207,-0.0056979138454754386,0.05824757997357242,0.05254966612809698
3,208,-0.003676614455765538,0.05775286504327103,0.054076250587505495
3,209,-0.0013164288128090992,0.055976178916871226,0.05465975010406213
3,210,-0.001517895544379512,0.05618221001312421,0.0546643144687447
3,211,-0.0010354305983445722,0.05763936141121343,0.05660393081286886
3,212,-0.006435445236160298,0.05856408311045949,0.052128637874299194
3,213,-0.0026284278182823403,0.057037683893263545,0.054409256074981205
3,214,-0.0021770309321838266,0.05971388659594599,0.05753685566376216
3,215,-0.006582466465982401,0.05943607889029028,0.05285361242430788
3,216,-0.00161651000780913,0.05819644699398785,0.05657993698617872
3,217,-0.0066648297210612426,0.05780279980129073,0.05113797008022949
3,218,-0.004622057823733185,0.05875651565717694,0.054134457833443755
3,219,-0.006887183246238944,0.06012019844168254,0.05323301519544359
3,220,-0.0026264687140094972,0.05639456861937549,0.05376809990536599
3,221,-0.005110485050461661,0.05851575879646173,0.05340527374600007
3,222,-0.0005986289615775436,0.056058520214182984,0.05545989125260544
3,223,-0.0011569600669298283,0.05822574445789349,0.05706878439096366
3,224,-0.004734649329956826,0.06061639217286403,0.0558817428429072
3,225,-0.004544702342362442,0.058184036891772026,0.053639334549409584
3,226,-0.0027640735338195083,0.05831867757693454,0.05555460404311503
3,227,-0.0006248034828101046,0.05651277157065677,0.055887968087846664
3,228,-0.008062568789007789,0.060630603792173686,0.0525680350031659
3,229,-0.0002707012317445037,0.057342209875519086,0.05707150864377458
3,230,-0.004239854204048724,0.05950245558287972,0.055262601378830996
3,231,0.002773874732340205,0.055137233152283804,0.05791110788462401
3,232,-0.0021096087748822753,0.05761629762437731,0.055506688849495035
3,233,-0.00409724286436202,0.05906248905148343,0.05496524618712141
3,234,-0.0031342916781638974,0.057546102324343526,0.05441181064617963
3,235,-0.007659728211749671,0.060255470775401165,0.052595742563651494
3,236,-0.0036797203099525957,0.05652857068442874,0.05284885037447615
3,237,-0.0023264803758896793,0.05834794505981176,0.05602146468392208
3,238,-0.0020855544658119896,0.05758556988579185,0.05550001541997986
3,239,-0.004744550640026095,0.05857010065999571,0.053825550019969616
3,240,-0.005121077072611287,0.058396531167733676,0.05327545409512239
3,241,-0.005121077072611287,0.058396531167733676,0.05327545409512239
3,242,-0.002454626013803571,0.057581543524372794,0.05512691751056922
3,243,-0.002454626013803571,0.057581543524372794,0.05512691751056922
3,244,-0.0045210116670775236,0.05647313178129555,0.05195212011421803
3,245,-0.0054998676045436914,0.059262924550267194,0.0537630569457235
3,246,-0.007617110842134428,0.060125715461960064,0.052508604619825636
3,247,-0.0005178217010445019,0.056718663297032505,0.056200841595988
3,248,-0.0036443135810381305,0.057340180882121033,0.0536958673010829
3,249,-0.001413559536995193,0.05690604723724992,0.05549248770025473
3,250,-0.0030488711901814902,0.05728748737517287,0.05423861618499138
3,251,-0.0038295564235050275,0.05745412103543621,0.053624564611931186
3,252,-0.0038295564235050275,0.05745412103543621,0.053624564611931186
3,253,-0.003258024829669845,0.05536603260790931,0.052108007778239464
3,254,-0.0035286829449603374,0.05944041472132464,0.055911731776364305
3,255,-0.005825843890498138,0.05813940086692756,0.05231355697642942
3,256,-0.003060555658822725,0.05829780855499132,0.0552372528961686
3,257,-0.0021997059713620426,0.05741135592801546,0.05521164995665342
3,258,-0.002755919136407728,0.056307501611338226,0.0535515824749305
3,259,-0.003940671100908448,0.05730878194582924,0.05336811084492079
3,260,-0.0030843437656247544,0.05710304914460073,0.054018705378975976
3,261,-0.004270110068612026,0.05868402769813483,0.0544139176295228
3,262,-0.002064249414108439,0.056934613014824574,0.054870363600716135
3,263,-0.0026517048579596594,0.058184131128923317,0.05553242627096366
3,264,-0.004880571890238626,0.05832488853122715,0.053444316640988525
3,265,-0.0033657108071267275,0.05633652613080872,0.052970815323681995
3,266,-0.004503590954252033,0.05578635438471797,0.051282763430465936
3,267,-0.0026457157747336937,0.057697603312705535,0.05505188753797184
3,268,-0.005073975605112163,0.05831859639445865,0.05324462078934648
3,269,-0.005031309391415641,0.05835891605300348,0.05332760666158784
3,270,-0.0027874654701314297,0.05863813253547761,0.05585066706534618
3,271,-0.0022598732737357866,0.05832007393284407,0.056060200659108286
3,272,-0.0024065308138942615,0.05578774832302418,0.05338121750912992
3,273,0.00011150213739724579,0.05824555092980937,0.058357053067206614
3,274,-0.004616146551309909,0.057211625639508545,0.052595479088198636
3,275,-0.005518759167022123,0.058863944322187826,0.0533451851551657
3,276,-0.006166620937237063,0.05818311536897135,0.052016494431734284
3,277,-0.006036375330083332,0.05927711378024735,0.05324073845016402
3,278,-0.0046162156166917115,0.05790509913833538,0.05328888352164367
3,279,-0.004423304485345565,0.058314279542107474,0.05389097505676191
3,280,-0.004058920717497451,0.05818830958168404,0.05412938886418659
3,281,-0.0025652100915647055,0.058345431969361705,0.055780221877797
3,282,-0.0029182728944012123,0.057231627499021574,0.05431335460462036
3,283,-0.003210813461136594,0.05744581636964721,0.05423500290851062
3,284,-0.000999857300579117,0.05591852821520342,0.0549186709146243
3,285,-0.0027043028069770048,0.05796590368667828,0.05526160087970128
3,286,-0.0023445890567047115,0.057394277735747394,0.05504968867904268
3,287,-0.00246877790866383,0.05768855061245473,0.0552197727037909
3,288,-0.00321111560829717,0.057357594606435365,0.054146478998138195
3,289,-0.004087863624035806,0.057754724050337866,0.05366686042630206
3,290,-0.0036014616693153326,0.05814183058432206,0.05454036891500673
3,291,-0.0035358962097500404,0.05695239938818313,0.05341650317843309
3,292,-0.007001195796755233,0.05886513005502034,0.051863934258265104
3,293,-0.00023748459637720765,0.05669053597242516,0.056453051376047954
3,294,-0.0017861310756912899,0.05619081723631379,0.0544046861606225
3,295,-0.001650360150849739,0.05691250842411405,0.05526214827326431
3,296,0.00023442493799593483,0.05650334232793955,0.05673776726593548
3,297,-0.00220780840175365,0.05741045491451356,0.05520264651275991
3,298,-0.00333536857180132,0.057816065605013754,0.054480697033212434
3,299,-0.003495367758214088,0.05664148111106745,0.05314611335285336
3,300,-0.004388001883198413,0.05867195861146264,0.05428395672826423
3,301,-0.003698548105965767,0.05943921244776387,0.055740664341798106
3,302,-0.002391849376350598,0.057122621562137134,0.054730772185786536
3,303,-0.0034213380226323087,0.05833692684173387,0.05491558881910156
3,304,-0.0030319446107354084,0.05888162475767262,0.05584968014693721
3,305,-0.0013313621048451074,0.05704426446824729,0.055712902363402185
3,306,-0.0029199633260617794,0.0578580110474674,0.05493804772140562
3,307,-0.003035951647699507,0.058025318264917296,0.05498936661721779
3,308,-0.0018122442076927217,0.05826014338184218,0.05644789917414946
3,309,-0.004833840631828727,0.05842051377418068,0.05358667314235195
3,310,-0.0030446038429018524,0.05704405387837906,0.05399945003547721
3,311,0.0000235465292587958,0.05466583621036756,0.054689382739626355
3,312,-0.0005318730221751666,0.0560083331692833,0.055476460147108136
3,313,-0.006673156559926292,0.05778020869514004,0.05110705213521375
3,314,0.000102647200700752,0.05735905369954996,0.05746170090025071
3,315,-0.005165793493082792,0.06080888334740125,0.055643089854318456
3,316,-0.00598090377879492,0.059013253803885106,0.053032350025090186
3,317,-0.003828431688110652,0.059661168384784684,0.05583273669667403
3,318,-0.0030986563511699386,0.058132030002873446,0.05503337365170351
3,319,-0.00540836498787501,0.05727249509763433,0.05186413010975932
3,320,-0.001543425997891923,0.05835625045269075,0.05681282445479883
3,321,-0.004996876405026725,0.05750500550745216,0.05250812910242544
3,322,-0.0020255699502152516,0.05771142158928466,0.05568585163906941
3,323,-0.005112663088688206,0.05780334030797965,0.052690677219291444
3,324,-0.0031107226253932058,0.05893907821441167,0.05582835558901846
3,325,-0.002383102135851578,0.05652316199088283,0.05414005985503125
3,326,-0.0036694046907094907,0.05644318490772344,0.05277378021701395
3,327,-0.00017253946289923217,0.05736710959703897,0.05719457013413974
3,328,-0.005302652150832379,0.058039229744123885,0.052736577593291506
3,329,-0.003683874047967134,0.0584050103551414,0.05472113630717427
3,330,-0.0020873816098161413,0.05643547537834236,0.05434809376852622
3,331,-0.00002095965996955218,0.05691428430515969,0.05689332464519014
3,332,-0.006437784058309581,0.0601094779582439,0.05367169389993432
3,333,-0.006616147823582733,0.05848680289945101,0.05187065507586828
3,334,-0.0020568357832025166,0.0584479498647989,0.05639111408159638
3,335,-0.00419238336996202,0.056398715380090426,0.052206332010128406
3,336,-0.004934706532170534,0.05911134159430149,0.054176635062130954
3,337,-0.007511659545405572,0.06174316182733665,0.05423150228193108
3,338,-0.0020525240623572374,0.05666800158735489,0.05461547752499765
3,339,-0.0038031506817390037,0.05904297464466953,0.05523982396293053
3,340,-0.002975878127991001,0.05744129474957073,0.05446541662157973
3,341,-0.0019254053361195261,0.05675516378979127,0.054829758453671745
3,342,-0.005794087491038519,0.060031445765458456,0.05423735827441994
3,343,-0.003894597730637099,0.0582599904268872,0.0543653926962501
3,344,-0.0019301047348856404,0.05731172164437425,0.05538161690948861
3,345,-0.004298111046317769,0.057504517367815255,0.053206406321497486
3,346,-0.0038645642131897306,0.05668708106591929,0.05282251685272956
3,347,-0.0033584581856525783,0.058537767514544065,0.055179309328891486
3,348,-0.0045207728975633354,0.058766547010060136,0.0542457741124968
3,349,-0.002992823247444383,0.05698365718269925,0.05399083393525487
3,350,-0.0030453838332772237,0.05687987465658453,0.0538344908233073
3,351,-0.0030505723795263423,0.057302248869025164,0.05425167648949882
3,352,-0.004241161283796445,0.057506095717854075,0.05326493443405763
3,353,-0.0031254422707085727,0.05872243433439297,0.055596992063684396
3,354,-0.00309353857830081,0.05818046730799407,0.05508692872969326
3,355,-0.00043365570474389326,0.057615453005844794,0.0571817973011009
3,356,-0.004457353462750689,0.05694277512022879,0.052485421657478104
3,357,-0.005949206530195469,0.05791829455893187,0.0519690880287364
3,358,-0.0024400074743403735,0.05740948551310109,0.05496947803876072
3,359,-0.005339633513606265,0.05876092871345256,0.05342129519984629
3,360,-0.003990726854863333,0.05642569962667677,0.052434972771813436
3,361,-0.0021156844452299983,0.05781197922542416,0.05569629478019416
3,362,-0.001812798396180322,0.05753849743422989,0.05572569903804957
3,363,-0.002627477491292704,0.056948049131315036,0.05432057164002233
3,364,-0.004316543721207398,0.05883821156755306,0.05452166784634566
3,365,-0.0018401778891959028,0.05791810467809958,0.05607792678890368
3,366,-0.0015962602992310101,0.05723812552723057,0.05564186522799956
3,367,-0.003985821741033485,0.058775523859605244,0.05478970211857176
3,368,-0.007352235255135689,0.06012253207538923,0.05277029682025354
3,369,-0.002863101084395213,0.05885336532524617,0.055990264240850955
3,370,-0.0015241621447923959,0.05742440662833983,0.05590024448354743
3,371,-0.0021972420408075746,0.05727251931566897,0.055075277274861396
3,372,-0.004984403942433671,0.05923425829853952,0.054249854356105846
3,373,-0.002740633594930604,0.05789174150048908,0.05515110790555847
3,374,-0.0033699141440112906,0.058281711523565156,0.054911797379553866
3,375,-0.004970581464509773,0.05958831686927551,0.054617735404765735
3,376,-0.0015258866407048752,0.05617806926746982,0.054652182626764946
3,377,-0.001202343007277687,0.056653436201886107,0.05545109319460842
3,378,-0.0022521837479040144,0.058219436928746,0.05596725318084199
3,379,-0.004222350192646787,0.0584525458169731,0.054230195624326315
3,380,6.744607821407289e-6,0.055711648712100555,0.05571839331992196
3,381,-0.004140980556441097,0.06039102616504048,0.056250045608599385
3,382,-0.0037967966224855126,0.05853421833972692,0.05473742171724141
3,383,-0.0035903105435201033,0.05817847703174013,0.05458816648822003
3,384,-0.002951845424382371,0.05785663088131851,0.05490478545693614
3,385,-0.004312204148004976,0.05814807128273016,0.053835867134725185
3,386,-0.002844913275505241,0.058388522041385775,0.055543608765880534
3,387,-0.004757329313502014,0.058846732007582815,0.0540894026940808
3,388,-0.003432450420723099,0.05845614947313964,0.05502369905241654
3,389,-0.0050884574338576835,0.05976980129932065,0.054681343865462965
3,390,-0.004705142156770717,0.05935327356460494,0.05464813140783422
3,391,-0.0032233203116106765,0.05787254662530312,0.05464922631369244
3,392,-0.002034466749925176,0.05656291789482084,0.054528451144895664
3,393,-0.006195845173312099,0.06017461761789931,0.05397877244458721
3,394,-0.002051462758890135,0.05786441436147133,0.05581295160258119
3,395,-0.0037377821247833384,0.05687525782275457,0.05313747569797123
3,396,-0.003758555339689662,0.05808519256044704,0.054326637220757375
3,397,-0.0034996111642518896,0.05713444223316494,0.05363483106891305
3,398,-0.002813944873731933,0.05743752885077803,0.0546235839770461
3,399,-0.004507616243337086,0.05885956827373328,0.054351952030396194
3,400,-0.002880648586731399,0.05866131201875171,0.05578066343202031
3,401,-0.002288571864785059,0.056788679945965564,0.054500108081180505
3,402,-0.0034658030359914077,0.0586814256079274,0.05521562257193599
3,403,-0.0023181495262854512,0.05709545230413082,0.05477730277784537
3,404,-0.002792832176486959,0.056340458468698194,0.053547626292211235
3,405,-0.006106463685716476,0.06010385397878498,0.053997390293068506
3,406,-0.003279846619681094,0.059931303536375984,0.05665145691669489
3,407,-0.004632476299489902,0.05861343894844574,0.05398096264895584
3,408,-0.0019375771528610392,0.057939484637021005,0.056001907484159966
3,409,-0.004107671142681374,0.05769138590263689,0.05358371475995551
3,410,-0.004514770623170697,0.0580019678789505,0.0534871972557798
3,411,-0.0068943815132468805,0.06042024496576676,0.05352586345251988
3,412,-0.003418851554835338,0.05675538096739385,0.05333652941255851
3,413,-0.005754161075757068,0.059802583999792824,0.054048422924035756
3,414,-0.004348705471766301,0.0582410474787748,0.0538923420070085
3,415,-0.0035031795580761776,0.0582893765955352,0.054786197037459024
3,416,-0.004842808167467211,0.0580042482674308,0.05316144009996359
3,417,-0.0001310805351689981,0.0588408427554764,0.0587097622203074
3,418,-0.0007658936295064089,0.05437665758509536,0.053610763955588954
3,419,-0.007136358778050848,0.060239956058555685,0.05310359728050484
3,420,-0.001153755540160499,0.056340721681425315,0.055186966141264816
3,421,-0.0029461192362849747,0.057945303552512234,0.05499918431622726
3,422,-0.003978031677443539,0.05863219380925229,0.05465416213180875
3,423,-0.0033841320270803776,0.05683040819042546,0.05344627616334508
3,424,-0.002802373539610839,0.059623543209686276,0.05682116967007544
3,425,-0.0027216353734670212,0.058086052113344125,0.055364416739877104
3,426,-0.004600742908744265,0.058944766531244905,0.05434402362250064
3,427,-0.005862244931448754,0.059222246221525124,0.05336000129007637
3,428,-0.004200802933926551,0.05880676970349893,0.05460596676957238
3,429,-0.003920608459980379,0.05770108768788899,0.05378047922790861
3,430,-0.003918435694518163,0.058250688602211706,0.05433225290769354
3,431,-0.001188597685657669,0.05670309346382676,0.05551449577816909
3,432,-0.0031067502429499155,0.05694798084705248,0.05384123060410256
3,433,-0.001395292598706778,0.0568290543066494,0.05543376170794262
3,434,-0.0008703918562737306,0.05733943281828786,0.056469040962014126
3,435,-0.0032701054484338687,0.06015076093191841,0.05688065548348454
3,436,-0.003072574547689097,0.05652129584157439,0.053448721293885296
3,437,-0.000855378242312424,0.05739239959416023,0.05653702135184781
3,438,0.0004213678374884386,0.05503876795908505,0.05546013579657349
3,439,-0.003978529340174605,0.057864020166775006,0.0538854908266004
3,440,-0.0008254320832400408,0.057486009497127906,0.056660577413887865
3,441,-0.00042957110358537304,0.05519575344726141,0.054766182343676036
3,442,-0.006604823096726581,0.06120026553450771,0.05459544243778113
3,443,-0.0019308948992393174,0.05553600387762415,0.05360510897838483
3,444,-0.0034180813128610113,0.059988049106976256,0.056569967794115245
3,445,0.0005700827072760428,0.05403179939569504,0.05460188210297108
3,446,-0.006869524731325849,0.05876441382320262,0.05189488909187677
3,447,-0.005049880503242357,0.05797082677694596,0.052920946273703605
3,448,-0.003026005809429945,0.05751716179504609,0.054491155985616144
3,449,-0.0028327710114570623,0.05742479484305433,0.05459202383159727
3,450,-0.0012276559798208714,0.056515600841106274,0.0552879448612854
3,451,-0.002452840047304554,0.05744281736202568,0.05498997731472113
3,452,-0.003958007675435894,0.05900748292469021,0.05504947524925432
3,453,-0.004007984215981357,0.059255144575825626,0.05524716035984427
3,454,-0.002297963481599913,0.058573034838182006,0.05627507135658209
3,455,-0.0027739782093754717,0.05964286404686671,0.05686888583749124
3,456,-0.006286526980377322,0.05874737547597316,0.05246084849559584
3,457,-0.002902933145088736,0.05807507794385451,0.055172144798765775
3,458,-0.00548862133991302,0.05802873109290585,0.05254010975299283
3,459,0.002323580696462803,0.0575031288743743,0.059826709570837106
3,460,-0.002510850969152434,0.058835295204726364,0.05632444423557393
3,461,-0.005160547743513544,0.058316978843341416,0.05315643109982787
3,462,-0.003954475427713933,0.057713574128447874,0.05375909870073394
3,463,-0.005491532379479268,0.05844420296998848,0.05295267059050921
3,464,-0.006537491228331596,0.05826791886031295,0.05173042763198135
3,465,-0.0015850955565041638,0.05540966931825617,0.05382457376175201
3,466,-0.001447178059627803,0.05551841761252445,0.054071239552896645
3,467,-0.00597015967356191,0.058915941426669755,0.052945781753107844
3,468,-0.0032189673470588223,0.05874708043878744,0.055528113091728615
3,469,-0.00003224270635383136,0.05739919154965489,0.05736694884330106
3,470,-0.004439714728386439,0.058782484705918764,0.054342769977532325
3,471,-0.0017364485917023345,0.05848357580159062,0.05674712720988829
3,472,-0.0009840457886423556,0.0558149110842257,0.05483086529558334
3,473,-0.0011379295855619004,0.058108215104793436,0.056970285519231535
3,474,-0.0019517639758425617,0.05526862791240687,0.05331686393656431
3,475,-0.0010553168137255944,0.05707739903624293,0.05602208222251734
3,476,-0.0060362864015954115,0.056962966435520714,0.0509266800339253
3,477,-0.005050144949558008,0.05692005192548251,0.0518699069759245
3,478,-0.005066411875219452,0.05966342888033045,0.054597017005111
3,479,-0.004466944572394119,0.05895322117604052,0.054486276603646404
3,480,-0.004556918078491845,0.05810370056559874,0.0535467824871069
3,481,-0.0007211955874677003,0.055337277808093124,0.054616082220625424
3,482,-0.0028321778605906803,0.059843795965174966,0.057011618104584286
3,483,-0.0013145778299206434,0.05755091608239203,0.05623633825247139
3,484,-0.002178783959232107,0.058265811116207065,0.05608702715697496
3,485,-0.003638603065710809,0.0575683541495403,0.05392975108382949
3,486,-0.0049207674285342284,0.059076313741606226,0.054155546313072
3,487,-0.005310584823845901,0.05875388810099101,0.05344330327714511
3,488,-0.0074776362544788505,0.05951635907018963,0.05203872281571078
3,489,-0.0027875601148390147,0.05855342320115368,0.05576586308631466
3,490,-0.00395989803587022,0.056821803850003814,0.052861905814133595
3,491,-0.00038341628179796444,0.05716508444460138,0.05678166816280342
3,492,-0.002497854099778804,0.05786763324309102,0.05536977914331222
3,493,-0.001267082713121405,0.0584781944122121,0.0572111116990907
3,494,-0.00459414422465855,0.058219339160213046,0.053625194935554496
3,495,-0.007716248792759298,0.06028097866775981,0.052564729875000514
3,496,-0.0006472304560426884,0.05647469097044901,0.05582746051440632
3,497,-0.0031263814797734824,0.05853611992742874,0.05540973844765526
3,498,-0.005095699609779514,0.05984728109527451,0.054751581485495
3,499,-0.0037328791497461475,0.05707656430439292,0.05334368515464677
3,500,0.00043593021281176925,0.057138382274905475,0.057574312487717244
3,501,-0.00022348326661834894,0.054986712525634404,0.054763229259016055
3,502,-0.0008036097597642483,0.05797584235643245,0.057172232596668204
3,503,-0.004010110322600478,0.05844695239677871,0.05443684207417823
3,504,-0.0034650604534793156,0.058641704167961536,0.05517664371448222
3,505,0.0009134168786547187,0.05655986741575098,0.0574732842944057
3,506,-0.002953730345851051,0.0577018107927728,0.05474808044692175
3,507,-0.00197751974077931,0.058581045176982774,0.056603525436203464
3,508,-0.0015004058399933837,0.05507913659800532,0.053578730758011936
3,509,-0.005368300687181207,0.059544102046831866,0.05417580135965066
3,510,-0.00242577874565663,0.057613163037336566,0.055187384291679936
3,511,-0.005042257909097403,0.058497054612916884,0.05345479670381948
3,512,-0.002692604514021285,0.05707350529065984,0.054380900776638555
3,513,-0.005447983156603511,0.05965591109656783,0.05420792793996432
3,514,-0.0015747113664562468,0.05776623637700327,0.05619152501054702
3,515,-0.003469127684261407,0.057930630528500594,0.05446150284423919
3,516,-0.006950911993935459,0.05843094157804631,0.051480029584110854
3,517,-0.007018430910336132,0.060109943792871455,0.05309151288253532
3,518,-0.002879513384906579,0.06010528552268458,0.057225772137778
3,519,-0.003475532771568632,0.05817702151431235,0.05470148874274372
3,520,-0.003744974063098379,0.0591750622495467,0.055430088186448324
3,521,-0.003744974063098379,0.0591750622495467,0.055430088186448324
3,522,-0.0043513933792512505,0.057589560879502094,0.053238167500250844
3,523,-0.0046431074443827255,0.05965135825363385,0.055008250809251126
3,524,-0.004647549988466726,0.05792539412057103,0.053277844132104304
3,525,-0.003655781620703673,0.05617325728920375,0.052517475668500076
3,526,-0.0035996003406780983,0.06036155104829948,0.056761950707621384
3,527,-0.0032928213303063253,0.056434951309376626,0.0531421299790703
3,528,-0.0045833578884132906,0.05679483174462036,0.05221147385620707
3,529,-0.002478658542098923,0.05823491501926546,0.05575625647716654
3,530,-0.003138564830435328,0.05789031915719595,0.054751754326760625
3,531,-0.003864788186979995,0.057948389383741604,0.05408360119676161
3,532,-0.004132605463061753,0.05767702626617641,0.05354442080311465
3,533,-0.0031068688020207055,0.057521600887112334,0.05441473208509163
3,534,-0.003927770317726689,0.057744702140432556,0.05381693182270587
3,535,-0.0023537923665089278,0.05765028511149267,0.055296492744983744
3,536,-0.004315060114621891,0.057692397880290354,0.05337733776566846
3,537,-0.005059454526775468,0.05735761837091122,0.05229816384413575
3,538,-0.004402325250895442,0.05832255132722707,0.05392022607633163
3,539,-0.0028606845174278042,0.057276093514513966,0.05441540899708616
3,540,-0.002369044391707105,0.05902691866703411,0.05665787427532701
3,541,-0.005787770651835021,0.061055180245634826,0.055267409593799804
3,542,-0.0030741408477363216,0.05753541768242439,0.05446127683468807
3,543,-0.004624828899043011,0.05795714024370002,0.05333231134465701
3,544,-0.0029720810743284823,0.05795718079335298,0.054985099719024495
3,545,-0.0021659438823659616,0.056931446615522595,0.05476550273315663
3,546,-0.004146242860631089,0.05818276102619999,0.054036518165568904
3,547,-0.0012834259897238215,0.056219119203876025,0.054935693214152204
3,548,-0.003773072658206658,0.05799848650259106,0.0542254138443844
3,549,-0.00341024913393264,0.05726276458718705,0.05385251545325441
3,550,-0.005281699231355096,0.05824159707482708,0.052959897843471986
3,551,-0.005165033991384134,0.059202848326555056,0.05403781433517092
3,552,-0.006110057357738362,0.05777756170347023,0.05166750434573187
3,553,-0.006976833664748321,0.059275013491796764,0.052298179827048444
3,554,-0.0036482958843535515,0.05933657912013801,0.05568828323578446
3,555,-0.000027957938589305564,0.05692449553797395,0.05689653759938464
3,556,-0.004313824132662562,0.058246885201171335,0.05393306106850877
3,557,-0.001076013085538216,0.05598126727226233,0.054905254186724116
3,558,-0.004962052377068281,0.05779483571684347,0.05283278333977519
3,559,-0.0011749992740095819,0.05725269310892229,0.056077693834912706
3,560,-0.005642995966468965,0.05868094970668631,0.053037953740217345
3,561,-0.0011875651373706858,0.05711771199792986,0.05593014686055917
3,562,-0.004765775663277974,0.05775520369123168,0.05298942802795371
3,563,-0.00512114003140348,0.05780698965793207,0.05268584962652859
3,564,-0.0037773217175309515,0.058071731542041885,0.054294409824510934
3,565,-0.002552911383731142,0.05653004774659954,0.0539771363628684
3,566,-0.0024923115192289277,0.05861128863715792,0.05611897711792899
3,567,-0.007120929201164472,0.05806741933548047,0.050946490134316
3,568,-0.007120929201164472,0.05806741933548047,0.050946490134316
3,569,-0.007120929201164472,0.05806741933548047,0.050946490134316
3,570,-0.004146009458636121,0.05741301281794945,0.05326700335931333
3,571,-0.00164877884802056,0.057119743056680994,0.055470964208660434
3,572,-0.0033792595464330055,0.059527660734234794,0.05614840118780179
3,573,-0.005067415444381211,0.058002074151402364,0.05293465870702115
3,574,-0.0022726632830198726,0.057205814694965315,0.05493315141194544
3,575,-0.0036174257047192973,0.0573454554891618,0.0537280297844425
3,576,-0.0016133261907611482,0.056913246021748166,0.05529991983098702
3,577,-0.0023232504747645183,0.05726182157708435,0.05493857110231983
3,578,-0.002050604091672306,0.05709187569342457,0.05504127160175226
3,579,-0.0028667479373874205,0.05781773812883856,0.05495099019145114
3,580,-0.0025573088573213956,0.05608531482729258,0.05352800596997118
3,581,-0.0023837136423116093,0.0582570433342794,0.05587332969196779
3,582,-0.0002550289603624051,0.05885039600135715,0.058595367040994745
3,583,-0.006166950142181972,0.05917482743680342,0.05300787729462145
3,584,-0.0037225815748224006,0.05618278770658134,0.05246020613175894
3,585,-0.0033806721915524834,0.05681292357680023,0.053432251385247743
3,586,-0.0016491722046831359,0.056264214925609755,0.05461504272092662
3,587,-0.005373536862929455,0.05863716707601093,0.053263630213081475
3,588,-0.002923066995356667,0.05834653604647675,0.05542346905112008
3,589,-0.00594779839181335,0.05933089090392978,0.05338309251211643
3,590,-0.007537013673712997,0.059540329009645725,0.05200331533593273
3,591,-0.003750889440893565,0.05882804282785905,0.055077153386965484
3,592,-0.0038761198075855444,0.05777180570829489,0.053895685900709346
3,593,-0.0012831197670259281,0.056461029284559275,0.05517790951753335
3,594,-0.0010886299604896885,0.057254057445124934,0.056165427484635246
3,595,-0.0022774060871820767,0.05721851387674101,0.054941107789558935
3,596,-0.0024773421594593004,0.058618617443267296,0.056141275283807995
3,597,-0.006178877149968502,0.059657457502287216,0.053478580352318714
3,598,-0.0018886189160189082,0.05659645369743916,0.05470783478142025
3,599,-0.0035459719607886034,0.056938765725274246,0.05339279376448564
3,600,-0.0025870859283936842,0.05875036099099619,0.056163275062602505
3,601,-0.0037934763890597606,0.05846315914186642,0.05466968275280666
3,602,-0.004132095673769751,0.058941283082339216,0.054809187408569465
3,603,-0.0018990876203098944,0.05817013008413,0.05627104246382011
3,604,-0.0022456937704196656,0.0589130178253589,0.05666732405493923
3,605,-0.002739683305260393,0.05787296425071897,0.05513328094545858
3,606,-0.006070557902268348,0.06066077026638944,0.05459021236412109
3,607,-0.0014890241749184047,0.05674148453975061,0.0552524603648322
3,608,-0.007065632334096232,0.060149387137473226,0.053083754803376994
3,609,-0.00179812485590293,0.056580453190532363,0.05478232833462943
3,610,-0.004043809540009817,0.05815736165328675,0.05411355211327693
3,611,-0.0038057636842908707,0.057023131073811364,0.053217367389520494
3,612,-0.0035342429175182766,0.056430469282904766,0.05289622636538649
3,613,-0.002601793388177266,0.05760492374221658,0.055003130354039316
3,614,-0.002599997196750782,0.056393893002164616,0.053793895805413834
3,615,-0.005248404545812609,0.057447869576940445,0.05219946503112784
3,616,-0.0049742937918380165,0.05862418368474867,0.053649889892910654
3,617,-0.0012526462443716926,0.05728856761312188,0.056035921368750186
3,618,-0.0004816120781517136,0.056145245744289134,0.05566363366613742
3,619,-0.0037979494174659734,0.05871451619664216,0.05491656677917619
3,620,-0.005495322771543777,0.05737821364934837,0.051882890877804594
3,621,-0.0029446214002025253,0.05749939925339933,0.054554777853196804
3,622,-0.0019974781722325793,0.05739247987308724,0.05539500170085466
3,623,-0.005794035329798851,0.060212171251291094,0.05441813592149224
3,624,-0.0013795535241827098,0.05656980863881875,0.05519025511463604
3,625,-0.0038746358051676144,0.05740978921148972,0.0535351534063221
3,626,-0.004717684664673837,0.05735682349773784,0.052639138833064
3,627,-0.0027805382769829634,0.05779217656109866,0.0550116382841157
3,628,-0.006170776361601606,0.05938971813563398,0.05321894177403237
3,629,-0.0029242817452881167,0.05684543541070499,0.053921153665416874
3,630,0.00023568089061652003,0.058186625338310906,0.058422306228927426
3,631,-0.0056337622798069975,0.05784301624422582,0.05220925396441882
3,632,-0.004755893184146744,0.05798797147434485,0.053232078290198104
3,633,-0.0012713611449281445,0.05823324076210886,0.056961879617180716
3,634,-0.00613684594278259,0.060617331155178436,0.054480485212395846
3,635,-0.0021374234079695187,0.055556234420023824,0.053418811012054306
3,636,-0.005455157699317224,0.05871065851505577,0.05325550081573854
3,637,-0.002403279822584807,0.05628576731349271,0.053882487490907904
3,638,-0.0021692381955514123,0.05629354255941212,0.05412430436386071
3,639,-0.0028452733077743014,0.05737910325407421,0.054533829946299905
3,640,-0.002455094923883204,0.05818421149342873,0.055729116569545524
3,641,-0.0028615023503753487,0.057836282455770494,0.054974780105395145
3,642,-0.001957507351741203,0.05699079040748768,0.05503328305574648
3,643,-0.002567403485111079,0.05768524388182937,0.05511784039671829
3,644,-0.005899729767163457,0.059722756378608015,0.05382302661144456
3,645,-0.002438717024975688,0.05636937172605297,0.05393065470107728
3,646,-0.0025049570371706367,0.057685922430983055,0.05518096539381242
3,647,-0.0025049570371706367,0.057685922430983055,0.05518096539381242
3,648,-0.003977862738347632,0.05680499396015922,0.05282713122181159
3,649,-0.0034484149092010655,0.05823051762814234,0.054782102718941274
3,650,-0.005506025467063198,0.06000985266996626,0.05450382720290306
3,651,-0.003291886407493047,0.05790974943438878,0.05461786302689573
3,652,-0.00401594013347243,0.05725608625984821,0.05324014612637578
3,653,-0.0019315080739737422,0.0586413584383288,0.05670985036435506
3,654,-0.000622914037248963,0.05491879586628205,0.05429588182903309
3,655,-0.005146052652203921,0.05832880405951684,0.05318275140731292
3,656,-0.0026100762183847923,0.056097750958810165,0.05348767474042537
3,657,-0.006251609594274565,0.06145699372893289,0.05520538413465832
3,658,-0.0005540277109452388,0.0569819737117181,0.05642794600077286
3,659,-0.0026032228472571486,0.057924837316577694,0.055321614469320546
3,660,-0.0032365618937597734,0.058366324133478746,0.05512976223971897
3,661,-0.00444100333529962,0.057974635014117405,0.053533631678817785
3,662,-0.002327567926893634,0.05789350873034309,0.055565940803449454
3,663,-0.004049862123005225,0.05789227569051706,0.053842413567511835
3,664,-0.0017421096339437364,0.056789569634985756,0.05504746000104202
3,665,-0.0025769332829029268,0.058636105902237994,0.05605917261933507
3,666,-0.005052489050086158,0.058366537009619156,0.053314047959533
3,667,-0.003849338325251861,0.05722949185682984,0.053380153531577976
3,668,-0.004359021818996098,0.05838866836265187,0.054029646543655774
3,669,-0.004368567798791315,0.058225792269659155,0.05385722447086784
3,670,-0.00401939753193848,0.057388414050520635,0.053369016518582155
3,671,-0.0010251510486587248,0.05750626986676907,0.05648111881811035
3,672,-0.003736298320403869,0.05759177164522923,0.05385547332482536
3,673,-0.00379339251918763,0.05856414209671478,0.05477074957752715
3,674,-0.005164605510621284,0.05815199816772366,0.052987392657102374
3,675,-0.0035129039615769825,0.058296468846435114,0.05478356488485813
3,676,-0.003246544287070427,0.05588451834323642,0.05263797405616599
3,677,-0.0022141375815248054,0.055495077062234346,0.05328093948070954
3,678,-0.003315408741068303,0.05725233601084897,0.053936927269780666
3,679,-0.0013088431316162635,0.05642030996174818,0.05511146683013192
3,680,-0.005653664275337672,0.05926165422373789,0.05360798994840022
3,681,-0.003362331926859488,0.058571481188723816,0.05520914926186433
3,682,-0.002898041464316402,0.05681022148492471,0.05391218002060831
3,683,-0.0035848013243526614,0.058746491437575245,0.05516169011322258
3,684,-0.004626724593154635,0.05911909592817263,0.054492371335018
3,685,-0.003397488949121119,0.057479482405516764,0.054081993456395645
3,686,-0.004657701015640253,0.060064078911387875,0.05540637789574762
3,687,-0.004671162421737159,0.058609269521815,0.05393810710007784
3,688,-0.004705316261681532,0.05805944933482632,0.05335413307314479
3,689,-0.007602790657044729,0.0597992061584333,0.05219641550138857
3,690,-0.0012724767781893062,0.05611229157354024,0.05483981479535093
3,691,-0.006262611283914261,0.058608464985704746,0.052345853701790485
3,692,-0.004539593372972002,0.05864495100153055,0.054105357628558545
3,693,-0.0046615943013229855,0.05995247522556241,0.05529088092423942
3,694,-0.0015760265782720356,0.05645659690278126,0.05488057032450922
3,695,-0.0027957503198655573,0.05737655218965452,0.05458080186978896
3,696,-0.0035058978201117155,0.057994862838809176,0.05448896501869746
3,697,-0.0029741973546622003,0.0579383594222409,0.0549641620675787
3,698,-0.0049327457403754715,0.059846474666775146,0.054913728926399674
3,699,-0.004904077321390948,0.05718862755216042,0.05228455023076947
3,700,-0.0033399786549050195,0.05851691305176594,0.05517693439686092
3,701,-0.0058777332330029256,0.060495341316488226,0.0546176080834853
3,702,-0.003646703054377691,0.05676717076293913,0.053120467708561436
3,703,-0.006481453123318416,0.05965883049500641,0.05317737737168799
3,704,-0.004738944031062425,0.05780738482637139,0.053068440795308966
3,705,-0.0021334401657099183,0.05677671854163225,0.05464327837592233
3,706,-0.002709090003004691,0.05827265584735563,0.05556356584435094
3,707,-0.006950010723258265,0.0605942913297224,0.05364428060646413
3,708,-0.0027655962236727352,0.057647649303760366,0.05488205308008763
3,709,-0.007747039008476127,0.05981258722621098,0.052065548217734854
3,710,-0.0011008617674690205,0.057781930768410816,0.056681069000941796
3,711,-0.0009510690522191168,0.056881991074799056,0.05593092202257994
3,712,-0.004754616458150611,0.05857906056604841,0.0538244441078978
3,713,-0.002210103029145802,0.05773534591443315,0.055525242885287346
3,714,-0.002119858421551192,0.05753688736415032,0.05541702894259913
3,715,-0.003598112879321963,0.0562560058645384,0.052657892985216434
3,716,-0.005854204627443925,0.05896436333302716,0.053110158705583235
3,717,-0.003896350916825858,0.05867139909880574,0.05477504818197988
3,718,-0.0033700771752160075,0.05687459282048231,0.0535045156452663
3,719,-0.0026982927393748024,0.05726936164022402,0.054571068900849215
3,720,-0.003385534042989531,0.058743489266721995,0.05535795522373246
3,721,-0.0023506318623505995,0.05624421655391728,0.05389358469156668
3,722,-0.004936958218981068,0.0599428390530263,0.055005880834045236
3,723,-0.002582856254143999,0.056312752749831246,0.05372989649568725
3,724,-0.0038242215971679497,0.059307581762065395,0.055483360164897445
3,725,-0.004187649145751107,0.05788663261448723,0.053698983468736125
3,726,-0.003133070666451805,0.056989414175560804,0.053856343509109
3,727,-0.0008739108458497777,0.05644021959510623,0.05556630874925645
3,728,-0.0035452946195126747,0.05996181362137441,0.05641651900186174
3,729,-0.003922301452854909,0.05723512881403935,0.053312827361184444
3,730,-0.007372493991421272,0.059872316563968256,0.052499822572546984
3,731,-0.005107783979454314,0.059468189275896824,0.05436040529644251
3,732,-0.0028465300832363344,0.05909454912244174,0.056248019039205406
3,733,-0.001860797351874638,0.05709268641989121,0.05523188906801657
3,734,-0.002830773719356923,0.05806159516248411,0.05523082144312719
3,735,-0.0017242207827085632,0.057094090643860694,0.05536986986115213
3,736,-0.002968073682370058,0.05701647351636675,0.054048399833996695
3,737,-0.00486609394451714,0.05749559170363285,0.05262949775911571
3,738,-0.0068587705673253604,0.060109930333174105,0.053251159765848745
3,739,-0.005750799164669036,0.05817441447289594,0.0524236153082269
3,740,-0.003598337475293631,0.05727162168448979,0.05367328420919616
3,741,-0.002597729438043671,0.05731252646577564,0.05471479702773197
3,742,-0.004306554690704845,0.059463325528410514,0.05515677083770567
3,743,-0.002981024093433919,0.05946073917879716,0.056479715085363244
3,744,-0.003649293812279117,0.058208522990412924,0.05455922917813381
3,745,-0.0034601421447112424,0.056794708601445386,0.053334566456734143
3,746,-0.0028689320523629935,0.057348130476432266,0.05447919842406927
3,747,-0.0038682619504088744,0.058590995311537275,0.0547227333611284
3,748,-0.0015595110066654663,0.056820406599604245,0.05526089559293878
3,749,-0.0023172472294658367,0.05890849966366677,0.056591252434200934
3,750,-0.0047988596639411685,0.05754045298268064,0.05274159331873947
3,751,-0.0031613891433622254,0.05588355000944267,0.05272216086608045
3,752,-0.0010074877419109785,0.05625512366394196,0.05524763592203098
3,753,-0.002853879561397335,0.057211197442627586,0.05435731788123025
3,754,-0.0018803345778623387,0.05734327270910079,0.055462938131238454
3,755,-0.0011879043447395113,0.05762462702995195,0.05643672268521244
3,756,-0.001828560289014007,0.0571924240503258,0.05536386376131179
3,757,-0.003878085666652785,0.05828416945575934,0.05440608378910655
3,758,-0.0026677824327918445,0.05755926555437942,0.05489148312158758
3,759,-0.003696739302366983,0.05715840018090171,0.053461660878534725
3,760,-0.002344285438657945,0.05830437471196042,0.055960089273302475
3,761,-0.006977387532835853,0.059421303655998875,0.05244391612316302
3,762,-0.00678251299350844,0.05928926297569118,0.05250674998218274
3,763,-0.004479971105634785,0.057868211350047,0.053388240244412216
3,764,-0.004590229426189189,0.05846435886782595,0.05387412944163676
3,765,-0.001201407238839082,0.05679559151266425,0.05559418427382517
3,766,-0.005825582293361643,0.05754262584620089,0.051717043552839244
3,767,-0.004404417641129546,0.05811697529428674,0.053712557653157196
3,768,-0.004779327344132528,0.05807954881829597,0.05330022147416344
3,769,-0.0017210692538627073,0.05701326838965795,0.05529219913579524
3,770,-0.004808942844869928,0.05894405517751746,0.054135112332647534
3,771,-0.0032041197262239265,0.05826468573133669,0.05506056600511276
3,772,-0.0015269291267532986,0.05667859357991108,0.05515166445315778
3,773,-0.0023910505724676345,0.057257759765668964,0.05486670919320133
3,774,-0.004844093781950186,0.057459960043925055,0.05261586626197487
3,775,-0.004504216216702266,0.057784018889304796,0.05327980267260253
3,776,-0.0029016439195511112,0.058340161171797536,0.055438517252246425
3,777,-0.001913056686393147,0.05823286008121367,0.056319803394820525
3,778,-0.003605517467239104,0.057439007780511454,0.05383349031327235
3,779,-0.0066953312922932925,0.05979034800333678,0.05309501671104349
3,780,-0.0066953312922932925,0.05979034800333678,0.05309501671104349
3,781,-0.0052740133000319794,0.058586576577187015,0.053312563277155035
3,782,-0.006730744368661355,0.05870071319251059,0.05196996882384924
3,783,-0.006748631317153628,0.05828942946725301,0.05154079815009938
3,784,-0.005979561834277239,0.058462396873391775,0.052482835039114537
3,785,-0.006492275468868915,0.059386009245507486,0.05289373377663857
3,786,-0.0043454835661574445,0.05795501840112957,0.053609534834972127
3,787,-0.0071548896153652355,0.058944640295357086,0.05178975067999185
3,788,-0.0013658246429920015,0.057073756198107894,0.05570793155511589
3,789,-0.0064045978840657075,0.058335182723656634,0.051930584839590926
3,790,-0.0036215425125099357,0.05807811001359561,0.05445656750108568
3,791,-0.004324409934085734,0.05916020631603387,0.05483579638194814
3,792,-0.0006468419857448629,0.0575128643128768,0.056866022327131935
3,793,-0.006307940373972594,0.058069575546235805,0.05176163517226321
3,794,-0.0018785410321965137,0.057263154966862254,0.05538461393466574
3,795,-0.0043877867698864995,0.05868813292123093,0.05430034615134443
3,796,-0.003859164702169071,0.057865782556702154,0.05400661785453308
3,797,-0.0021378744988439363,0.05906888111707153,0.05693100661822759
3,798,-0.004025549124168096,0.05693827555247196,0.052912726428303865
3,799,-0.005487147860905595,0.05924623415323885,0.05375908629233325
3,800,-0.006167600238355962,0.05828920450968994,0.05212160427133398
3,801,-0.002148143434176311,0.058155770958137606,0.056007627523961295
3,802,-0.003448854265866448,0.05763092574915676,0.05418207148329031
3,803,-0.006137575054727319,0.05880497545987044,0.052667400405143124
3,804,-0.004657184318190809,0.05770890008940187,0.05305171577121106
3,805,-0.00028916570970372035,0.055576279753905465,0.055287114044201745
3,806,-0.0014564029319946645,0.05651975923626156,0.0550633563042669
3,807,-0.0033973786044476026,0.05815465967684258,0.05475728107239498
3,808,-0.0026738506306273405,0.05869485868205722,0.05602100805142988
3,809,-0.005410365443212967,0.058951846753473695,0.05354148131026073
3,810,-0.003585315433838644,0.058023403584292206,0.05443808815045356
3,811,-0.004927672813662631,0.057410019245071095,0.052482346431408464
3,812,-0.0028782016101214503,0.05705989075436442,0.05418168914424297
3,813,-0.0036560202343040096,0.05640435151470348,0.05274833128039947
3,814,-0.003151862924819844,0.056632240674685114,0.05348037774986527
3,815,-0.0019873664798268423,0.05789695751333299,0.05590959103350615
3,816,-0.005369072742075036,0.05906243770738649,0.053693364965311456
3,817,-0.0035765922709113038,0.05879026745944914,0.055213675188537835
3,818,-0.006576581241667372,0.05825282371059934,0.05167624246893197
3,819,-0.0018635526726552484,0.05657067482809562,0.05470712215544037
3,820,-0.004605343521234075,0.05776311079916484,0.05315776727793076
3,821,-0.0028486482745184102,0.05856787221140754,0.05571922393688913
3,822,-0.002830504029653111,0.05731823412244661,0.0544877300927935
3,823,-0.005299950764946833,0.05844797311600361,0.05314802235105678
3,824,-0.0012705961520821443,0.05615675156474104,0.0548861554126589
3,825,-0.006930902651254088,0.05963015435901277,0.05269925170775868
3,826,-0.004562509641104329,0.058204654090259385,0.053642144449155056
3,827,-0.004772063332664216,0.05853463893117801,0.053762575598513794
3,828,-0.002063690715122704,0.05575836562415554,0.05369467490903283
3,829,-0.005856977230079136,0.060776626550881625,0.05491964932080249
3,830,-0.0032742491746993382,0.058334943531462236,0.0550606943567629
3,831,-0.004384925845141552,0.058514674648132085,0.054129748802990534
3,832,-0.004300929551610301,0.05882096324216532,0.05452003369055502
3,833,-0.002831097683284163,0.05794317796678281,0.05511208028349865
3,834,-0.004497572754434437,0.05769859230016601,0.05320101954573157
3,835,-0.0037102571029802647,0.05640461281449745,0.052694355711517184
3,836,-0.00018864298297560644,0.05750664420256691,0.057318001219591304
3,837,-0.0016425774060574438,0.05692971895415481,0.055287141548097364
3,838,0.00010168190097539082,0.056787156114946245,0.056888838015921636
3,839,0.0012491170193078688,0.055542280621122486,0.056791397640430355
3,840,-0.003143436500658056,0.05866013398674528,0.05551669748608722
3,841,-0.0032842434511518095,0.05877494600234056,0.05549070255118875
3,842,-0.0014104092052633493,0.05591625392067976,0.05450584471541641
3,843,-0.00695405591786144,0.05841547928407389,0.05146142336621245
3,844,-0.003745324843979561,0.057454488108518706,0.053709163264539145
3,845,-0.00048777710821844983,0.05729383652393751,0.05680605941571906
3,846,-0.0016198049222810665,0.05752634239256144,0.055906537470280376
3,847,-0.003141450049327907,0.05750126780155123,0.05435981775222332
3,848,-0.004251514035852354,0.0577456143107844,0.053494100274932045
3,849,-0.002443801501551053,0.056567533248949836,0.05412373174739878
3,850,-0.0043075115339748435,0.057757880777810224,0.05345036924383538
3,851,-0.0019489076654125512,0.05655891002691208,0.05461000236149953
3,852,-0.006298660843821857,0.059163095701945924,0.05286443485812407
3,853,-0.00479261014446021,0.06007929792564984,0.05528668778118963
3,854,-0.004018950308754397,0.05985651990977995,0.05583756960102555
3,855,-0.003830036281099694,0.05774334671627722,0.053913310435177525
3,856,-0.003261790314119585,0.0577478898812401,0.05448609956712051
3,857,-0.002865880962461341,0.057303400900675074,0.05443751993821373
3,858,-0.0038713039642452526,0.05779769609530006,0.05392639213105481
3,859,-0.007093042474001748,0.05791513164030471,0.05082208916630296
3,860,-0.003772345737744494,0.05920536264797983,0.05543301691023533
3,861,-0.004411102729596876,0.0576463932517276,0.053235290522130725
3,862,-0.005380330705864342,0.05791148350167594,0.052531152795811595
3,863,-0.0023398918745918887,0.05736552285359739,0.0550256309790055
3,864,-0.004362202175412548,0.05791324333135425,0.053551041155941705
3,865,-0.003895209987673953,0.05729647828994341,0.053401268302269454
3,866,-0.0015223533725734137,0.057048495278755704,0.05552614190618229
3,867,-0.006063354934439866,0.05790618533809355,0.051842830403653686
3,868,-0.0014128374676223437,0.058106561136414665,0.05669372366879232
3,869,-0.003938612580303237,0.05923895610757922,0.05530034352727598
3,870,-0.0055481724745640865,0.05707717770987897,0.05152900523531488
3,871,-0.0031932697703671298,0.05830676812543913,0.055113498355072
3,872,-0.0034012629665589184,0.05528534763421487,0.05188408466765595
3,873,-0.0039438156260544616,0.05905664545405409,0.05511282982799963
3,874,-0.0038609585233023574,0.057520012591503564,0.053659054068201206
3,875,-0.003718399170874867,0.05751470171956163,0.05379630254868676
3,876,-0.0037287763300088983,0.058574318915119716,0.05484554258511082
3,877,-0.002606817066230442,0.05738089700892485,0.054774079942694405
3,878,-0.004286826386460843,0.05815121437831393,0.053864387991853085
3,879,-0.0030459013067306445,0.0574014353828511,0.054355534076120454
3,880,0.00038592519509489387,0.05676704109607232,0.057152966291167215
3,881,0.00038592519509489387,0.05676704109607232,0.057152966291167215
3,882,-0.003985118976538249,0.057716198116497815,0.053731079139959566
3,883,-0.0011057571397169452,0.05791636143765543,0.05681060429793849
3,884,-0.0047832484962841565,0.05983737791455977,0.055054129418275616
3,885,-0.005385214491433241,0.05871316402735212,0.05332794953591888
3,886,-0.0055286125173348785,0.059064526700355995,0.053535914183021116
3,887,-0.0037438738516139963,0.05834507652157015,0.054601202669956155
3,888,-0.00467027300683813,0.05852612187419654,0.05385584886735841
3,889,-0.0032275156302540506,0.0604824069722806,0.05725489134202655
3,890,-0.0011350356132443645,0.05820367691271512,0.05706864129947076
3,891,-0.004414118292029159,0.058568469465280874,0.054154351173251715
3,892,-0.0029020188733585583,0.057798145724193284,0.054896126850834726
3,893,-0.003031109946251477,0.05690235907771376,0.05387124913146228
3,894,-0.003859687335551948,0.058666952218308595,0.05480726488275665
3,895,-0.003165848107784315,0.05795965935326106,0.05479381124547675
3,896,-0.004737884513105341,0.057574631995316775,0.052836747482211434
3,897,-0.006668829649503764,0.059558390848473794,0.05288956119897003
3,898,-0.0007573832508470865,0.05728516215547277,0.05652777890462568
3,899,-0.002401219351552665,0.05788452072886936,0.0554833013773167
3,900,-0.0029118875642557343,0.0586258657424475,0.055713978178191764
3,901,-0.003129871559178349,0.0569284496865592,0.05379857812738085
3,902,-0.003367049049281215,0.05747647919977982,0.05410943015049861
3,903,-0.0028562594128625704,0.05672139423725192,0.05386513482438935
3,904,-0.006349922182449438,0.059351770051538515,0.053001847869089076
3,905,-0.0026216127594949346,0.05781500124504786,0.05519338848555293
3,906,-0.006739573088354468,0.059205176801216376,0.05246560371286191
3,907,-0.0025571189554862636,0.05655989059289687,0.05400277163741061
3,908,-0.005188556603240829,0.06003881875894351,0.054850262155702684
3,909,-0.003859584470880764,0.056922004694643966,0.0530624202237632
3,910,-0.004143155345952582,0.058700304555590145,0.054557149209637563
3,911,-0.0009882466873362347,0.05716341338970585,0.05617516670236961
3,912,-0.005224735185403909,0.05693861021409575,0.05171387502869184
3,913,-0.007226674348563861,0.058592702883399114,0.051366028534835254
3,914,-0.001225996127357236,0.05587974340489138,0.054653747277534144
3,915,-0.0030774431249106504,0.057481361827754235,0.054403918702843584
3,916,-0.0057748709252869596,0.05745474782304085,0.05167987689775389
3,917,-0.0009394254473087324,0.056494248019594774,0.05555482257228604
3,918,-0.0018488620586763135,0.05687975719103864,0.055030895132362326
3,919,-0.00380279348538657,0.05782537764245327,0.0540225841570667
3,920,-0.0014062707323260829,0.055930254645310165,0.05452398391298408
3,921,-0.004042712789608993,0.05872646847300914,0.05468375568340015
3,922,-0.0035131601723263767,0.05765563862618399,0.05414247845385761
3,923,-0.004665919790039087,0.05979601526447728,0.055130095474438194
3,924,0.000806308018557543,0.056917329240781224,0.05772363725933877
3,925,-0.0017569193725199203,0.0563525113471462,0.05459559197462628
3,926,-0.003368294598239882,0.05610457107775161,0.05273627647951173
3,927,-0.0030009640144194674,0.05687462898934071,0.05387366497492124
3,928,-0.0013980305627200665,0.057691706293359145,0.05629367573063908
3,929,-0.004439077146289591,0.05811208897720881,0.05367301183091922
3,930,-0.000606906363543408,0.056885654457980835,0.05627874809443743
3,931,-0.0003465364328736342,0.05819981857239071,0.05785328213951708
3,932,-0.003979386516944058,0.05683094797496858,0.05285156145802452
3,933,-0.002485802053505612,0.057917037669443235,0.05543123561593762
3,934,-0.0044003383985447495,0.05834571736579878,0.05394537896725403
3,935,-0.005542585146085792,0.05889882398266327,0.05335623883657748
3,936,-0.0029374928667180444,0.056244671585708214,0.05330717871899017
3,937,-0.0012556497962016716,0.05636865809532262,0.05511300829912095
3,938,-0.0030661290706928204,0.055973759466519626,0.052907630395826806
3,939,-0.0037461752676862872,0.05862360287749556,0.05487742760980927
3,940,-0.0038008824453961976,0.05735735473121199,0.053556472285815795
3,941,-0.004518171432651333,0.0612626537765041,0.056744482343852765
3,942,-0.001073294856970712,0.05614657460145778,0.055073279744487065
3,943,-0.0018581969771648832,0.05974949459472986,0.05789129761756498
3,944,-0.004357431562188617,0.05848004345014474,0.054122611887956126
3,945,-0.0008195877160615053,0.05471998838762863,0.05390040067156712
3,946,-0.0045917268991159735,0.05840140014890092,0.053809673249784945
3,947,-0.00554508942716344,0.0590546398145976,0.05350955038743416
3,948,-0.005464104646463096,0.059764741455638495,0.0543006368091754
3,949,-0.0008748477138619676,0.05804420990974789,0.05716936219588592
3,950,-0.003606778062096881,0.06030943270785918,0.056702654645762296
3,951,-0.0049912968706936345,0.058761293070089954,0.05376999619939632
3,952,-0.0015877041712578088,0.05576807205459493,0.05418036788333712
3,953,-0.001293214813857399,0.058165602807549614,0.056872387993692215
3,954,-0.0032603273450958967,0.05678580053010939,0.053525473185013495
3,955,-0.005466831185111383,0.058631154237237186,0.0531643230521258
3,956,-0.003082764924962511,0.057711954093961085,0.054629189168998574
3,957,-0.0024983855417493386,0.05816864324887841,0.05567025770712907
3,958,-0.0026014846659412894,0.05744980860433902,0.05484832393839773
3,959,-0.0035235720852009877,0.05914897172391615,0.05562539963871516
3,960,-0.0017972013846872734,0.05829954612907272,0.056502344744385445
3,961,-0.0038586178786371578,0.058937929265911675,0.05507931138727452
3,962,-0.0021508761915517496,0.05698936404642788,0.05483848785487613
3,963,-0.0023679993029718377,0.05801348402670512,0.055645484723733284
3,964,-0.0036045720890252805,0.05706691657378234,0.05346234448475706
3,965,-0.005515345337295564,0.059831436692899816,0.05431609135560425
3,966,-0.0033703739510829236,0.05629679758202832,0.05292642363094539
3,967,-0.005444911253051722,0.05981411495854408,0.05436920370549236
3,968,-0.0031283626789748095,0.05811201801802279,0.05498365533904798
3,969,-0.0017053287758703461,0.05675585798626348,0.055050529210393134
3,970,-0.004357411454786672,0.05773959769675986,0.05338218624197319
3,971,-0.0030661291450527206,0.057477582604866254,0.05441145345981353
3,972,-0.0013241543191772204,0.055760683040529335,0.054436528721352115
3,973,-0.0065175049070841165,0.0583874241302464,0.05186991922316228
3,974,-0.00038533577011240494,0.05676258357091517,0.05637724780080276
3,975,-0.001510956100209765,0.05660076696667326,0.055089810866463494
3,976,-0.004468505009899988,0.05899620576057405,0.05452770075067406
3,977,-0.0029550305954996192,0.056274510578724374,0.053319479983224755
3,978,-0.00371446109375239,0.05848011184181485,0.05476565074806246
3,979,-0.005354473042931511,0.05859593148144688,0.05324145843851537
3,980,-0.003528785644033458,0.058551358795374805,0.05502257315134135
3,981,-0.0028335669253201287,0.060038350535303736,0.05720478360998361
3,982,-0.00468409626830063,0.057367037111104455,0.052682940842803824
3,983,-0.0013542818978422716,0.056570762928457564,0.05521648103061529
3,984,-0.0023291929073647466,0.05816268778832556,0.055833494880960816
3,985,-0.0052095019113986354,0.0590186347935205,0.053809132882121864
3,986,-0.002331788176601131,0.0568749956637025,0.05454320748710137
3,987,-0.005188391411840493,0.05877757862484737,0.05358918721300688
3,988,-0.0033756331643444992,0.05772995517354641,0.054354322009201914
3,989,-0.004633464591366883,0.05841110246979634,0.05377763787842946
3,990,-0.002005735332765983,0.05689552937560828,0.0548897940428423
3,991,-0.002242414092587963,0.0559473902968283,0.053704976204240334
3,992,-0.0038455784103333113,0.05888627231291353,0.05504069390258022
3,993,-0.0019537769946285435,0.05702961075214909,0.055075833757520544
3,994,-0.002618847218089658,0.057979819318891776,0.05536097210080212
3,995,-0.0033049598385569284,0.058763777999295434,0.055458818160738506
3,996,-0.0022779767187981817,0.058685274123204276,0.056407297404406094
3,997,-0.006284754438367728,0.05864001885164374,0.05235526441327601
3,998,-0.002478622263787922,0.057939931679535914,0.05546130941574799
3,999,-0.00628872985319999,0.059552055083893135,0.053263325230693145
